,x
human2_lib1.final_cell_0001,delta
human2_lib1.final_cell_0002,delta
human2_lib1.final_cell_0003,alpha
human2_lib1.final_cell_0004,delta
human2_lib1.final_cell_0005,delta
human2_lib1.final_cell_0006,delta
human2_lib1.final_cell_0007,delta
human2_lib1.final_cell_0008,delta
human2_lib1.final_cell_0010,ductal
human2_lib1.final_cell_0011,delta
human2_lib1.final_cell_0012,delta
human2_lib1.final_cell_0013,alpha
human2_lib1.final_cell_0014,delta
human2_lib1.final_cell_0015,alpha
human2_lib1.final_cell_0016,alpha
human2_lib1.final_cell_0017,beta
human2_lib1.final_cell_0018,ductal
human2_lib1.final_cell_0019,alpha
human2_lib1.final_cell_0020,alpha
human2_lib1.final_cell_0021,ductal
human2_lib1.final_cell_0022,alpha
human2_lib1.final_cell_0023,alpha
human2_lib1.final_cell_0024,delta
human2_lib1.final_cell_0025,ductal
human2_lib1.final_cell_0026,alpha
human2_lib1.final_cell_0027,delta
human2_lib1.final_cell_0028,ductal
human2_lib1.final_cell_0029,ductal
human2_lib1.final_cell_0030,ductal
human2_lib1.final_cell_0032,ductal
human2_lib1.final_cell_0033,alpha
human2_lib1.final_cell_0034,delta
human2_lib1.final_cell_0035,delta
human2_lib1.final_cell_0036,delta
human2_lib1.final_cell_0037,alpha
human2_lib1.final_cell_0038,ductal
human2_lib1.final_cell_0039,alpha
human2_lib1.final_cell_0041,alpha
human2_lib1.final_cell_0042,delta
human2_lib1.final_cell_0043,ductal
human2_lib1.final_cell_0044,delta
human2_lib1.final_cell_0045,alpha
human2_lib1.final_cell_0046,alpha
human2_lib1.final_cell_0047,alpha
human2_lib1.final_cell_0048,alpha
human2_lib1.final_cell_0049,ductal
human2_lib1.final_cell_0051,ductal
human2_lib1.final_cell_0052,alpha
human2_lib1.final_cell_0054,beta
human2_lib1.final_cell_0055,alpha
human2_lib1.final_cell_0056,beta
human2_lib1.final_cell_0057,beta
human2_lib1.final_cell_0058,beta
human2_lib1.final_cell_0059,alpha
human2_lib1.final_cell_0060,delta
human2_lib1.final_cell_0061,delta
human2_lib1.final_cell_0062,alpha
human2_lib1.final_cell_0063,beta
human2_lib1.final_cell_0064,alpha
human2_lib1.final_cell_0065,alpha
human2_lib1.final_cell_0066,alpha
human2_lib1.final_cell_0067,ductal
human2_lib1.final_cell_0068,beta
human2_lib1.final_cell_0069,ductal
human2_lib1.final_cell_0071,ductal
human2_lib1.final_cell_0072,alpha
human2_lib1.final_cell_0073,beta
human2_lib1.final_cell_0074,ductal
human2_lib1.final_cell_0075,alpha
human2_lib1.final_cell_0076,beta
human2_lib1.final_cell_0077,alpha
human2_lib1.final_cell_0078,ductal
human2_lib1.final_cell_0079,alpha
human2_lib1.final_cell_0080,beta
human2_lib1.final_cell_0081,alpha
human2_lib1.final_cell_0082,ductal
human2_lib1.final_cell_0083,ductal
human2_lib1.final_cell_0084,alpha
human2_lib1.final_cell_0085,alpha
human2_lib1.final_cell_0086,ductal
human2_lib1.final_cell_0087,alpha
human2_lib1.final_cell_0088,alpha
human2_lib1.final_cell_0089,alpha
human2_lib1.final_cell_0090,beta
human2_lib1.final_cell_0091,alpha
human2_lib1.final_cell_0092,beta
human2_lib1.final_cell_0093,alpha
human2_lib1.final_cell_0094,ductal
human2_lib1.final_cell_0095,delta
human2_lib1.final_cell_0096,gamma
human2_lib1.final_cell_0097,alpha
human2_lib1.final_cell_0098,ductal
human2_lib1.final_cell_0099,alpha
human2_lib1.final_cell_0100,beta
human2_lib1.final_cell_0101,beta
human2_lib1.final_cell_0102,gamma
human2_lib1.final_cell_0103,alpha
human2_lib1.final_cell_0104,delta
human2_lib1.final_cell_0105,beta
human2_lib1.final_cell_0106,alpha
human2_lib1.final_cell_0107,beta
human2_lib1.final_cell_0108,alpha
human2_lib1.final_cell_0109,alpha
human2_lib1.final_cell_0110,alpha
human2_lib1.final_cell_0111,beta
human2_lib1.final_cell_0112,ductal
human2_lib1.final_cell_0113,ductal
human2_lib1.final_cell_0114,alpha
human2_lib1.final_cell_0115,beta
human2_lib1.final_cell_0116,alpha
human2_lib1.final_cell_0117,ductal
human2_lib1.final_cell_0118,alpha
human2_lib1.final_cell_0119,beta
human2_lib1.final_cell_0120,alpha
human2_lib1.final_cell_0121,ductal
human2_lib1.final_cell_0122,alpha
human2_lib1.final_cell_0123,delta
human2_lib1.final_cell_0124,beta
human2_lib1.final_cell_0125,ductal
human2_lib1.final_cell_0126,beta
human2_lib1.final_cell_0127,alpha
human2_lib1.final_cell_0128,beta
human2_lib1.final_cell_0129,ductal
human2_lib1.final_cell_0130,alpha
human2_lib1.final_cell_0131,alpha
human2_lib1.final_cell_0132,alpha
human2_lib1.final_cell_0133,alpha
human2_lib1.final_cell_0134,ductal
human2_lib1.final_cell_0135,alpha
human2_lib1.final_cell_0136,ductal
human2_lib1.final_cell_0137,beta
human2_lib1.final_cell_0138,ductal
human2_lib1.final_cell_0139,beta
human2_lib1.final_cell_0140,alpha
human2_lib1.final_cell_0141,beta
human2_lib1.final_cell_0142,alpha
human2_lib1.final_cell_0144,alpha
human2_lib1.final_cell_0145,beta
human2_lib1.final_cell_0146,alpha
human2_lib1.final_cell_0147,alpha
human2_lib1.final_cell_0148,alpha
human2_lib1.final_cell_0149,alpha
human2_lib1.final_cell_0150,beta
human2_lib1.final_cell_0151,ductal
human2_lib1.final_cell_0153,alpha
human2_lib1.final_cell_0154,alpha
human2_lib1.final_cell_0155,ductal
human2_lib1.final_cell_0156,delta
human2_lib1.final_cell_0157,alpha
human2_lib1.final_cell_0158,alpha
human2_lib1.final_cell_0159,ductal
human2_lib1.final_cell_0160,ductal
human2_lib1.final_cell_0161,alpha
human2_lib1.final_cell_0162,alpha
human2_lib1.final_cell_0163,alpha
human2_lib1.final_cell_0164,alpha
human2_lib1.final_cell_0166,alpha
human2_lib1.final_cell_0168,alpha
human2_lib1.final_cell_0169,delta
human2_lib1.final_cell_0170,alpha
human2_lib1.final_cell_0172,alpha
human2_lib1.final_cell_0173,delta
human2_lib1.final_cell_0174,alpha
human2_lib1.final_cell_0175,alpha
human2_lib1.final_cell_0176,alpha
human2_lib1.final_cell_0177,ductal
human2_lib1.final_cell_0178,alpha
human2_lib1.final_cell_0179,alpha
human2_lib1.final_cell_0180,alpha
human2_lib1.final_cell_0181,ductal
human2_lib1.final_cell_0182,beta
human2_lib1.final_cell_0183,beta
human2_lib1.final_cell_0184,alpha
human2_lib1.final_cell_0185,gamma
human2_lib1.final_cell_0186,ductal
human2_lib1.final_cell_0187,beta
human2_lib1.final_cell_0188,endothelial
human2_lib1.final_cell_0189,gamma
human2_lib1.final_cell_0190,ductal
human2_lib1.final_cell_0191,alpha
human2_lib1.final_cell_0192,ductal
human2_lib1.final_cell_0193,delta
human2_lib1.final_cell_0194,ductal
human2_lib1.final_cell_0195,beta
human2_lib1.final_cell_0196,beta
human2_lib1.final_cell_0197,endothelial
human2_lib1.final_cell_0198,beta
human2_lib1.final_cell_0199,alpha
human2_lib1.final_cell_0200,delta
human2_lib1.final_cell_0201,beta
human2_lib1.final_cell_0203,alpha
human2_lib1.final_cell_0204,beta
human2_lib1.final_cell_0205,ductal
human2_lib1.final_cell_0206,beta
human2_lib1.final_cell_0207,gamma
human2_lib1.final_cell_0208,alpha
human2_lib1.final_cell_0209,alpha
human2_lib1.final_cell_0210,alpha
human2_lib1.final_cell_0211,delta
human2_lib1.final_cell_0212,alpha
human2_lib1.final_cell_0213,ductal
human2_lib1.final_cell_0214,alpha
human2_lib1.final_cell_0215,beta
human2_lib1.final_cell_0216,endothelial
human2_lib1.final_cell_0218,alpha
human2_lib1.final_cell_0219,beta
human2_lib1.final_cell_0220,alpha
human2_lib1.final_cell_0221,alpha
human2_lib1.final_cell_0222,alpha
human2_lib1.final_cell_0223,beta
human2_lib1.final_cell_0224,beta
human2_lib1.final_cell_0225,alpha
human2_lib1.final_cell_0226,gamma
human2_lib1.final_cell_0227,beta
human2_lib1.final_cell_0228,alpha
human2_lib1.final_cell_0229,alpha
human2_lib1.final_cell_0230,alpha
human2_lib1.final_cell_0231,beta
human2_lib1.final_cell_0232,ductal
human2_lib1.final_cell_0233,beta
human2_lib1.final_cell_0235,alpha
human2_lib1.final_cell_0236,beta
human2_lib1.final_cell_0237,beta
human2_lib1.final_cell_0238,gamma
human2_lib1.final_cell_0239,alpha
human2_lib1.final_cell_0240,alpha
human2_lib1.final_cell_0241,alpha
human2_lib1.final_cell_0242,beta
human2_lib1.final_cell_0243,alpha
human2_lib1.final_cell_0244,endothelial
human2_lib1.final_cell_0245,alpha
human2_lib1.final_cell_0246,delta
human2_lib1.final_cell_0248,gamma
human2_lib1.final_cell_0249,beta
human2_lib1.final_cell_0250,alpha
human2_lib1.final_cell_0251,ductal
human2_lib1.final_cell_0252,beta
human2_lib1.final_cell_0253,gamma
human2_lib1.final_cell_0254,beta
human2_lib1.final_cell_0255,beta
human2_lib1.final_cell_0256,ductal
human2_lib1.final_cell_0257,ductal
human2_lib1.final_cell_0258,alpha
human2_lib1.final_cell_0259,beta
human2_lib1.final_cell_0260,beta
human2_lib1.final_cell_0261,ductal
human2_lib1.final_cell_0262,beta
human2_lib1.final_cell_0263,ductal
human2_lib1.final_cell_0264,alpha
human2_lib1.final_cell_0265,alpha
human2_lib1.final_cell_0267,delta
human2_lib1.final_cell_0268,alpha
human2_lib1.final_cell_0270,beta
human2_lib1.final_cell_0271,alpha
human2_lib1.final_cell_0272,delta
human2_lib1.final_cell_0273,beta
human2_lib1.final_cell_0274,beta
human2_lib1.final_cell_0275,delta
human2_lib1.final_cell_0276,ductal
human2_lib1.final_cell_0277,alpha
human2_lib1.final_cell_0278,delta
human2_lib1.final_cell_0279,alpha
human2_lib1.final_cell_0280,beta
human2_lib1.final_cell_0281,ductal
human2_lib1.final_cell_0282,beta
human2_lib1.final_cell_0283,endothelial
human2_lib1.final_cell_0284,ductal
human2_lib1.final_cell_0285,beta
human2_lib1.final_cell_0286,alpha
human2_lib1.final_cell_0288,beta
human2_lib1.final_cell_0289,alpha
human2_lib1.final_cell_0290,beta
human2_lib1.final_cell_0291,beta
human2_lib1.final_cell_0292,alpha
human2_lib1.final_cell_0293,beta
human2_lib1.final_cell_0294,alpha
human2_lib1.final_cell_0295,gamma
human2_lib1.final_cell_0296,beta
human2_lib1.final_cell_0297,ductal
human2_lib1.final_cell_0298,beta
human2_lib1.final_cell_0299,alpha
human2_lib1.final_cell_0300,alpha
human2_lib1.final_cell_0301,alpha
human2_lib1.final_cell_0302,alpha
human2_lib1.final_cell_0303,ductal
human2_lib1.final_cell_0304,beta
human2_lib1.final_cell_0305,alpha
human2_lib1.final_cell_0306,alpha
human2_lib1.final_cell_0307,ductal
human2_lib1.final_cell_0308,alpha
human2_lib1.final_cell_0309,ductal
human2_lib1.final_cell_0310,alpha
human2_lib1.final_cell_0311,alpha
human2_lib1.final_cell_0312,gamma
human2_lib1.final_cell_0313,ductal
human2_lib1.final_cell_0314,ductal
human2_lib1.final_cell_0315,alpha
human2_lib1.final_cell_0316,alpha
human2_lib1.final_cell_0317,ductal
human2_lib1.final_cell_0318,beta
human2_lib1.final_cell_0319,ductal
human2_lib1.final_cell_0320,alpha
human2_lib1.final_cell_0321,ductal
human2_lib1.final_cell_0322,alpha
human2_lib1.final_cell_0323,ductal
human2_lib1.final_cell_0324,beta
human2_lib1.final_cell_0325,beta
human2_lib1.final_cell_0326,beta
human2_lib1.final_cell_0327,ductal
human2_lib1.final_cell_0328,ductal
human2_lib1.final_cell_0329,alpha
human2_lib1.final_cell_0330,delta
human2_lib1.final_cell_0331,alpha
human2_lib1.final_cell_0332,beta
human2_lib1.final_cell_0333,beta
human2_lib1.final_cell_0334,endothelial
human2_lib1.final_cell_0335,alpha
human2_lib1.final_cell_0336,alpha
human2_lib1.final_cell_0337,alpha
human2_lib1.final_cell_0338,alpha
human2_lib1.final_cell_0339,alpha
human2_lib1.final_cell_0340,alpha
human2_lib1.final_cell_0341,ductal
human2_lib1.final_cell_0342,alpha
human2_lib1.final_cell_0343,alpha
human2_lib1.final_cell_0344,ductal
human2_lib1.final_cell_0345,alpha
human2_lib1.final_cell_0346,ductal
human2_lib1.final_cell_0347,ductal
human2_lib1.final_cell_0348,ductal
human2_lib1.final_cell_0349,alpha
human2_lib1.final_cell_0351,ductal
human2_lib1.final_cell_0352,alpha
human2_lib1.final_cell_0353,alpha
human2_lib1.final_cell_0354,beta
human2_lib1.final_cell_0355,delta
human2_lib1.final_cell_0356,alpha
human2_lib1.final_cell_0357,alpha
human2_lib1.final_cell_0358,ductal
human2_lib1.final_cell_0359,alpha
human2_lib1.final_cell_0360,alpha
human2_lib1.final_cell_0361,gamma
human2_lib1.final_cell_0362,ductal
human2_lib1.final_cell_0363,alpha
human2_lib1.final_cell_0364,delta
human2_lib1.final_cell_0365,endothelial
human2_lib1.final_cell_0366,beta
human2_lib1.final_cell_0367,alpha
human2_lib1.final_cell_0368,beta
human2_lib1.final_cell_0369,alpha
human2_lib1.final_cell_0370,alpha
human2_lib1.final_cell_0371,alpha
human2_lib1.final_cell_0372,gamma
human2_lib1.final_cell_0373,ductal
human2_lib1.final_cell_0374,alpha
human2_lib1.final_cell_0375,alpha
human2_lib1.final_cell_0376,gamma
human2_lib1.final_cell_0377,alpha
human2_lib1.final_cell_0379,beta
human2_lib1.final_cell_0380,ductal
human2_lib1.final_cell_0381,ductal
human2_lib1.final_cell_0382,beta
human2_lib1.final_cell_0383,alpha
human2_lib1.final_cell_0384,alpha
human2_lib1.final_cell_0385,alpha
human2_lib1.final_cell_0386,alpha
human2_lib1.final_cell_0387,alpha
human2_lib1.final_cell_0388,beta
human2_lib1.final_cell_0389,alpha
human2_lib1.final_cell_0390,beta
human2_lib1.final_cell_0391,ductal
human2_lib1.final_cell_0392,gamma
human2_lib1.final_cell_0393,beta
human2_lib1.final_cell_0395,ductal
human2_lib1.final_cell_0396,ductal
human2_lib1.final_cell_0397,alpha
human2_lib1.final_cell_0398,gamma
human2_lib1.final_cell_0400,alpha
human2_lib1.final_cell_0401,delta
human2_lib1.final_cell_0402,alpha
human2_lib1.final_cell_0403,ductal
human2_lib1.final_cell_0404,alpha
human2_lib1.final_cell_0405,beta
human2_lib1.final_cell_0407,gamma
human2_lib1.final_cell_0408,alpha
human2_lib1.final_cell_0409,alpha
human2_lib1.final_cell_0411,ductal
human2_lib1.final_cell_0412,alpha
human2_lib1.final_cell_0413,alpha
human2_lib1.final_cell_0414,gamma
human2_lib1.final_cell_0415,alpha
human2_lib1.final_cell_0416,alpha
human2_lib1.final_cell_0417,alpha
human2_lib1.final_cell_0418,alpha
human2_lib1.final_cell_0419,alpha
human2_lib1.final_cell_0420,alpha
human2_lib1.final_cell_0421,beta
human2_lib1.final_cell_0423,ductal
human2_lib1.final_cell_0424,alpha
human2_lib1.final_cell_0425,alpha
human2_lib1.final_cell_0426,ductal
human2_lib1.final_cell_0427,alpha
human2_lib1.final_cell_0428,alpha
human2_lib1.final_cell_0429,alpha
human2_lib1.final_cell_0430,beta
human2_lib1.final_cell_0431,ductal
human2_lib1.final_cell_0432,gamma
human2_lib1.final_cell_0433,delta
human2_lib1.final_cell_0434,ductal
human2_lib1.final_cell_0435,delta
human2_lib1.final_cell_0436,beta
human2_lib1.final_cell_0437,alpha
human2_lib1.final_cell_0438,ductal
human2_lib1.final_cell_0439,gamma
human2_lib1.final_cell_0440,alpha
human2_lib1.final_cell_0441,alpha
human2_lib1.final_cell_0442,alpha
human2_lib1.final_cell_0443,gamma
human2_lib1.final_cell_0445,alpha
human2_lib1.final_cell_0446,ductal
human2_lib1.final_cell_0447,alpha
human2_lib1.final_cell_0448,alpha
human2_lib1.final_cell_0449,beta
human2_lib1.final_cell_0450,ductal
human2_lib1.final_cell_0451,alpha
human2_lib1.final_cell_0452,gamma
human2_lib1.final_cell_0453,delta
human2_lib1.final_cell_0454,alpha
human2_lib1.final_cell_0455,alpha
human2_lib1.final_cell_0456,ductal
human2_lib1.final_cell_0458,alpha
human2_lib1.final_cell_0459,alpha
human2_lib1.final_cell_0460,alpha
human2_lib1.final_cell_0461,gamma
human2_lib1.final_cell_0462,alpha
human2_lib1.final_cell_0463,beta
human2_lib1.final_cell_0464,alpha
human2_lib1.final_cell_0465,alpha
human2_lib1.final_cell_0466,beta
human2_lib1.final_cell_0467,ductal
human2_lib1.final_cell_0469,delta
human2_lib1.final_cell_0470,gamma
human2_lib1.final_cell_0472,alpha
human2_lib1.final_cell_0473,ductal
human2_lib1.final_cell_0474,beta
human2_lib1.final_cell_0475,beta
human2_lib1.final_cell_0476,alpha
human2_lib1.final_cell_0477,gamma
human2_lib1.final_cell_0478,gamma
human2_lib1.final_cell_0479,ductal
human2_lib1.final_cell_0480,alpha
human2_lib1.final_cell_0482,endothelial
human2_lib1.final_cell_0483,beta
human2_lib1.final_cell_0484,beta
human2_lib1.final_cell_0485,endothelial
human2_lib1.final_cell_0486,alpha
human2_lib1.final_cell_0487,beta
human2_lib1.final_cell_0488,beta
human2_lib1.final_cell_0489,alpha
human2_lib1.final_cell_0490,ductal
human2_lib1.final_cell_0491,alpha
human2_lib1.final_cell_0492,alpha
human2_lib1.final_cell_0493,alpha
human2_lib1.final_cell_0494,gamma
human2_lib1.final_cell_0496,alpha
human2_lib1.final_cell_0497,beta
human2_lib1.final_cell_0498,alpha
human2_lib1.final_cell_0499,alpha
human2_lib1.final_cell_0501,gamma
human2_lib1.final_cell_0502,alpha
human2_lib1.final_cell_0503,alpha
human2_lib1.final_cell_0504,alpha
human2_lib1.final_cell_0505,alpha
human2_lib1.final_cell_0506,alpha
human2_lib1.final_cell_0508,alpha
human2_lib1.final_cell_0509,alpha
human2_lib1.final_cell_0510,alpha
human2_lib1.final_cell_0511,ductal
human2_lib1.final_cell_0512,alpha
human2_lib1.final_cell_0513,beta
human2_lib1.final_cell_0514,beta
human2_lib1.final_cell_0515,beta
human2_lib1.final_cell_0516,beta
human2_lib1.final_cell_0517,ductal
human2_lib1.final_cell_0518,alpha
human2_lib1.final_cell_0519,alpha
human2_lib1.final_cell_0520,ductal
human2_lib1.final_cell_0521,alpha
human2_lib1.final_cell_0522,beta
human2_lib1.final_cell_0524,ductal
human2_lib1.final_cell_0526,alpha
human2_lib1.final_cell_0527,beta
human2_lib1.final_cell_0528,alpha
human2_lib1.final_cell_0529,alpha
human2_lib1.final_cell_0530,beta
human2_lib1.final_cell_0531,gamma
human2_lib1.final_cell_0532,beta
human2_lib1.final_cell_0533,ductal
human2_lib1.final_cell_0534,ductal
human2_lib1.final_cell_0535,ductal
human2_lib1.final_cell_0536,ductal
human2_lib1.final_cell_0537,alpha
human2_lib1.final_cell_0538,beta
human2_lib1.final_cell_0539,ductal
human2_lib1.final_cell_0540,beta
human2_lib1.final_cell_0541,endothelial
human2_lib1.final_cell_0542,beta
human2_lib1.final_cell_0543,beta
human2_lib1.final_cell_0545,gamma
human2_lib1.final_cell_0546,ductal
human2_lib1.final_cell_0547,ductal
human2_lib1.final_cell_0548,beta
human2_lib1.final_cell_0550,ductal
human2_lib1.final_cell_0551,alpha
human2_lib1.final_cell_0552,alpha
human2_lib1.final_cell_0553,ductal
human2_lib1.final_cell_0554,alpha
human2_lib1.final_cell_0555,ductal
human2_lib1.final_cell_0556,beta
human2_lib1.final_cell_0557,alpha
human2_lib1.final_cell_0558,ductal
human2_lib1.final_cell_0559,beta
human2_lib2.final_cell_0001,delta
human2_lib2.final_cell_0002,alpha
human2_lib2.final_cell_0003,alpha
human2_lib2.final_cell_0004,alpha
human2_lib2.final_cell_0005,alpha
human2_lib2.final_cell_0006,delta
human2_lib2.final_cell_0007,ductal
human2_lib2.final_cell_0008,alpha
human2_lib2.final_cell_0009,delta
human2_lib2.final_cell_0010,delta
human2_lib2.final_cell_0011,delta
human2_lib2.final_cell_0013,beta
human2_lib2.final_cell_0014,delta
human2_lib2.final_cell_0015,ductal
human2_lib2.final_cell_0016,ductal
human2_lib2.final_cell_0017,ductal
human2_lib2.final_cell_0018,ductal
human2_lib2.final_cell_0019,alpha
human2_lib2.final_cell_0020,delta
human2_lib2.final_cell_0022,beta
human2_lib2.final_cell_0023,delta
human2_lib2.final_cell_0024,ductal
human2_lib2.final_cell_0025,beta
human2_lib2.final_cell_0026,delta
human2_lib2.final_cell_0027,alpha
human2_lib2.final_cell_0028,alpha
human2_lib2.final_cell_0030,ductal
human2_lib2.final_cell_0031,beta
human2_lib2.final_cell_0032,ductal
human2_lib2.final_cell_0033,alpha
human2_lib2.final_cell_0034,delta
human2_lib2.final_cell_0035,ductal
human2_lib2.final_cell_0036,ductal
human2_lib2.final_cell_0037,beta
human2_lib2.final_cell_0038,alpha
human2_lib2.final_cell_0039,alpha
human2_lib2.final_cell_0040,beta
human2_lib2.final_cell_0041,alpha
human2_lib2.final_cell_0042,beta
human2_lib2.final_cell_0043,ductal
human2_lib2.final_cell_0044,ductal
human2_lib2.final_cell_0045,ductal
human2_lib2.final_cell_0046,beta
human2_lib2.final_cell_0047,delta
human2_lib2.final_cell_0048,beta
human2_lib2.final_cell_0049,beta
human2_lib2.final_cell_0050,ductal
human2_lib2.final_cell_0051,alpha
human2_lib2.final_cell_0052,ductal
human2_lib2.final_cell_0053,ductal
human2_lib2.final_cell_0054,beta
human2_lib2.final_cell_0055,alpha
human2_lib2.final_cell_0056,beta
human2_lib2.final_cell_0057,beta
human2_lib2.final_cell_0058,beta
human2_lib2.final_cell_0059,alpha
human2_lib2.final_cell_0060,alpha
human2_lib2.final_cell_0061,beta
human2_lib2.final_cell_0062,beta
human2_lib2.final_cell_0063,alpha
human2_lib2.final_cell_0064,beta
human2_lib2.final_cell_0065,beta
human2_lib2.final_cell_0066,beta
human2_lib2.final_cell_0067,ductal
human2_lib2.final_cell_0068,beta
human2_lib2.final_cell_0070,beta
human2_lib2.final_cell_0071,ductal
human2_lib2.final_cell_0072,beta
human2_lib2.final_cell_0073,beta
human2_lib2.final_cell_0074,alpha
human2_lib2.final_cell_0075,ductal
human2_lib2.final_cell_0076,ductal
human2_lib2.final_cell_0077,beta
human2_lib2.final_cell_0078,ductal
human2_lib2.final_cell_0079,alpha
human2_lib2.final_cell_0080,ductal
human2_lib2.final_cell_0081,gamma
human2_lib2.final_cell_0082,alpha
human2_lib2.final_cell_0083,beta
human2_lib2.final_cell_0084,beta
human2_lib2.final_cell_0086,beta
human2_lib2.final_cell_0087,beta
human2_lib2.final_cell_0088,alpha
human2_lib2.final_cell_0089,beta
human2_lib2.final_cell_0090,gamma
human2_lib2.final_cell_0091,beta
human2_lib2.final_cell_0092,alpha
human2_lib2.final_cell_0093,ductal
human2_lib2.final_cell_0094,beta
human2_lib2.final_cell_0095,alpha
human2_lib2.final_cell_0096,alpha
human2_lib2.final_cell_0097,beta
human2_lib2.final_cell_0098,alpha
human2_lib2.final_cell_0099,alpha
human2_lib2.final_cell_0100,alpha
human2_lib2.final_cell_0101,alpha
human2_lib2.final_cell_0103,alpha
human2_lib2.final_cell_0105,beta
human2_lib2.final_cell_0106,gamma
human2_lib2.final_cell_0107,alpha
human2_lib2.final_cell_0108,beta
human2_lib2.final_cell_0109,delta
human2_lib2.final_cell_0110,ductal
human2_lib2.final_cell_0111,alpha
human2_lib2.final_cell_0113,beta
human2_lib2.final_cell_0114,alpha
human2_lib2.final_cell_0115,alpha
human2_lib2.final_cell_0116,alpha
human2_lib2.final_cell_0117,beta
human2_lib2.final_cell_0118,beta
human2_lib2.final_cell_0121,ductal
human2_lib2.final_cell_0122,beta
human2_lib2.final_cell_0123,beta
human2_lib2.final_cell_0124,alpha
human2_lib2.final_cell_0125,beta
human2_lib2.final_cell_0126,beta
human2_lib2.final_cell_0127,ductal
human2_lib2.final_cell_0128,alpha
human2_lib2.final_cell_0129,delta
human2_lib2.final_cell_0130,beta
human2_lib2.final_cell_0131,beta
human2_lib2.final_cell_0132,alpha
human2_lib2.final_cell_0133,beta
human2_lib2.final_cell_0134,alpha
human2_lib2.final_cell_0135,beta
human2_lib2.final_cell_0136,ductal
human2_lib2.final_cell_0137,beta
human2_lib2.final_cell_0138,alpha
human2_lib2.final_cell_0139,alpha
human2_lib2.final_cell_0140,delta
human2_lib2.final_cell_0141,beta
human2_lib2.final_cell_0142,beta
human2_lib2.final_cell_0143,alpha
human2_lib2.final_cell_0146,ductal
human2_lib2.final_cell_0147,beta
human2_lib2.final_cell_0148,alpha
human2_lib2.final_cell_0149,delta
human2_lib2.final_cell_0151,delta
human2_lib2.final_cell_0152,alpha
human2_lib2.final_cell_0153,ductal
human2_lib2.final_cell_0155,delta
human2_lib2.final_cell_0156,alpha
human2_lib2.final_cell_0157,ductal
human2_lib2.final_cell_0158,ductal
human2_lib2.final_cell_0159,alpha
human2_lib2.final_cell_0160,beta
human2_lib2.final_cell_0161,ductal
human2_lib2.final_cell_0162,ductal
human2_lib2.final_cell_0163,alpha
human2_lib2.final_cell_0164,alpha
human2_lib2.final_cell_0165,delta
human2_lib2.final_cell_0166,delta
human2_lib2.final_cell_0167,alpha
human2_lib2.final_cell_0168,alpha
human2_lib2.final_cell_0169,ductal
human2_lib2.final_cell_0170,alpha
human2_lib2.final_cell_0171,alpha
human2_lib2.final_cell_0172,delta
human2_lib2.final_cell_0173,alpha
human2_lib2.final_cell_0174,beta
human2_lib2.final_cell_0175,beta
human2_lib2.final_cell_0176,alpha
human2_lib2.final_cell_0177,ductal
human2_lib2.final_cell_0178,delta
human2_lib2.final_cell_0179,alpha
human2_lib2.final_cell_0181,delta
human2_lib2.final_cell_0182,beta
human2_lib2.final_cell_0183,gamma
human2_lib2.final_cell_0184,delta
human2_lib2.final_cell_0185,gamma
human2_lib2.final_cell_0186,beta
human2_lib2.final_cell_0187,ductal
human2_lib2.final_cell_0188,alpha
human2_lib2.final_cell_0189,ductal
human2_lib2.final_cell_0190,alpha
human2_lib2.final_cell_0191,ductal
human2_lib2.final_cell_0192,beta
human2_lib2.final_cell_0193,ductal
human2_lib2.final_cell_0194,alpha
human2_lib2.final_cell_0195,beta
human2_lib2.final_cell_0196,beta
human2_lib2.final_cell_0197,ductal
human2_lib2.final_cell_0198,beta
human2_lib2.final_cell_0199,alpha
human2_lib2.final_cell_0200,ductal
human2_lib2.final_cell_0202,alpha
human2_lib2.final_cell_0203,beta
human2_lib2.final_cell_0204,beta
human2_lib2.final_cell_0205,ductal
human2_lib2.final_cell_0206,alpha
human2_lib2.final_cell_0207,ductal
human2_lib2.final_cell_0208,alpha
human2_lib2.final_cell_0209,alpha
human2_lib2.final_cell_0210,alpha
human2_lib2.final_cell_0211,alpha
human2_lib2.final_cell_0212,alpha
human2_lib2.final_cell_0213,beta
human2_lib2.final_cell_0214,ductal
human2_lib2.final_cell_0215,alpha
human2_lib2.final_cell_0216,alpha
human2_lib2.final_cell_0217,alpha
human2_lib2.final_cell_0218,ductal
human2_lib2.final_cell_0219,beta
human2_lib2.final_cell_0220,ductal
human2_lib2.final_cell_0222,alpha
human2_lib2.final_cell_0223,beta
human2_lib2.final_cell_0224,alpha
human2_lib2.final_cell_0225,alpha
human2_lib2.final_cell_0226,ductal
human2_lib2.final_cell_0227,alpha
human2_lib2.final_cell_0228,alpha
human2_lib2.final_cell_0229,beta
human2_lib2.final_cell_0230,beta
human2_lib2.final_cell_0231,beta
human2_lib2.final_cell_0232,beta
human2_lib2.final_cell_0233,ductal
human2_lib2.final_cell_0235,alpha
human2_lib2.final_cell_0236,ductal
human2_lib2.final_cell_0237,alpha
human2_lib2.final_cell_0238,beta
human2_lib2.final_cell_0239,beta
human2_lib2.final_cell_0240,ductal
human2_lib2.final_cell_0241,beta
human2_lib2.final_cell_0242,delta
human2_lib2.final_cell_0244,alpha
human2_lib2.final_cell_0245,alpha
human2_lib2.final_cell_0246,beta
human2_lib2.final_cell_0247,ductal
human2_lib2.final_cell_0248,beta
human2_lib2.final_cell_0249,alpha
human2_lib2.final_cell_0250,beta
human2_lib2.final_cell_0251,alpha
human2_lib2.final_cell_0252,beta
human2_lib2.final_cell_0253,beta
human2_lib2.final_cell_0254,beta
human2_lib2.final_cell_0255,beta
human2_lib2.final_cell_0256,alpha
human2_lib2.final_cell_0257,alpha
human2_lib2.final_cell_0258,beta
human2_lib2.final_cell_0259,alpha
human2_lib2.final_cell_0260,delta
human2_lib2.final_cell_0261,alpha
human2_lib2.final_cell_0262,beta
human2_lib2.final_cell_0264,beta
human2_lib2.final_cell_0265,beta
human2_lib2.final_cell_0266,alpha
human2_lib2.final_cell_0267,alpha
human2_lib2.final_cell_0268,alpha
human2_lib2.final_cell_0269,beta
human2_lib2.final_cell_0270,alpha
human2_lib2.final_cell_0271,beta
human2_lib2.final_cell_0272,ductal
human2_lib2.final_cell_0273,ductal
human2_lib2.final_cell_0274,gamma
human2_lib2.final_cell_0275,beta
human2_lib2.final_cell_0276,alpha
human2_lib2.final_cell_0277,ductal
human2_lib2.final_cell_0278,beta
human2_lib2.final_cell_0279,ductal
human2_lib2.final_cell_0280,ductal
human2_lib2.final_cell_0281,alpha
human2_lib2.final_cell_0283,delta
human2_lib2.final_cell_0284,beta
human2_lib2.final_cell_0285,beta
human2_lib2.final_cell_0286,beta
human2_lib2.final_cell_0287,alpha
human2_lib2.final_cell_0288,alpha
human2_lib2.final_cell_0289,alpha
human2_lib2.final_cell_0291,alpha
human2_lib2.final_cell_0292,alpha
human2_lib2.final_cell_0293,alpha
human2_lib2.final_cell_0294,alpha
human2_lib2.final_cell_0295,alpha
human2_lib2.final_cell_0296,delta
human2_lib2.final_cell_0297,alpha
human2_lib2.final_cell_0298,gamma
human2_lib2.final_cell_0299,alpha
human2_lib2.final_cell_0300,alpha
human2_lib2.final_cell_0301,gamma
human2_lib2.final_cell_0302,alpha
human2_lib2.final_cell_0303,alpha
human2_lib2.final_cell_0304,alpha
human2_lib2.final_cell_0305,alpha
human2_lib2.final_cell_0306,ductal
human2_lib2.final_cell_0307,alpha
human2_lib2.final_cell_0309,alpha
human2_lib2.final_cell_0310,delta
human2_lib2.final_cell_0311,alpha
human2_lib2.final_cell_0312,alpha
human2_lib2.final_cell_0313,alpha
human2_lib2.final_cell_0314,ductal
human2_lib2.final_cell_0315,delta
human2_lib2.final_cell_0316,alpha
human2_lib2.final_cell_0317,alpha
human2_lib2.final_cell_0318,alpha
human2_lib2.final_cell_0319,alpha
human2_lib2.final_cell_0320,beta
human2_lib2.final_cell_0321,beta
human2_lib2.final_cell_0322,alpha
human2_lib2.final_cell_0324,alpha
human2_lib2.final_cell_0325,beta
human2_lib2.final_cell_0326,alpha
human2_lib2.final_cell_0327,beta
human2_lib2.final_cell_0328,beta
human2_lib2.final_cell_0329,alpha
human2_lib2.final_cell_0330,alpha
human2_lib2.final_cell_0332,beta
human2_lib2.final_cell_0333,alpha
human2_lib2.final_cell_0334,beta
human2_lib2.final_cell_0335,delta
human2_lib2.final_cell_0336,beta
human2_lib2.final_cell_0337,alpha
human2_lib2.final_cell_0338,beta
human2_lib2.final_cell_0339,gamma
human2_lib2.final_cell_0340,alpha
human2_lib2.final_cell_0341,alpha
human2_lib2.final_cell_0342,alpha
human2_lib2.final_cell_0343,beta
human2_lib2.final_cell_0344,beta
human2_lib2.final_cell_0345,beta
human2_lib2.final_cell_0347,endothelial
human2_lib2.final_cell_0349,alpha
human2_lib2.final_cell_0350,alpha
human2_lib2.final_cell_0351,gamma
human2_lib2.final_cell_0352,alpha
human2_lib2.final_cell_0353,endothelial
human2_lib2.final_cell_0354,alpha
human2_lib2.final_cell_0355,alpha
human2_lib2.final_cell_0356,alpha
human2_lib2.final_cell_0357,beta
human2_lib2.final_cell_0359,beta
human2_lib2.final_cell_0360,alpha
human2_lib2.final_cell_0361,ductal
human2_lib2.final_cell_0362,ductal
human2_lib2.final_cell_0363,alpha
human2_lib2.final_cell_0364,alpha
human2_lib2.final_cell_0365,ductal
human2_lib2.final_cell_0366,beta
human2_lib2.final_cell_0367,alpha
human2_lib2.final_cell_0368,alpha
human2_lib2.final_cell_0369,ductal
human2_lib2.final_cell_0370,beta
human2_lib2.final_cell_0371,endothelial
human2_lib2.final_cell_0372,alpha
human2_lib2.final_cell_0373,alpha
human2_lib2.final_cell_0374,alpha
human2_lib2.final_cell_0376,ductal
human2_lib2.final_cell_0377,alpha
human2_lib2.final_cell_0378,gamma
human2_lib2.final_cell_0379,alpha
human2_lib2.final_cell_0380,alpha
human2_lib2.final_cell_0381,ductal
human2_lib2.final_cell_0383,ductal
human2_lib2.final_cell_0384,ductal
human2_lib2.final_cell_0385,alpha
human2_lib2.final_cell_0387,gamma
human2_lib2.final_cell_0388,ductal
human2_lib2.final_cell_0389,endothelial
human2_lib2.final_cell_0390,alpha
human2_lib2.final_cell_0391,ductal
human2_lib2.final_cell_0392,beta
human2_lib2.final_cell_0393,ductal
human2_lib2.final_cell_0395,alpha
human2_lib2.final_cell_0396,alpha
human2_lib2.final_cell_0397,beta
human2_lib2.final_cell_0398,beta
human2_lib2.final_cell_0399,beta
human2_lib2.final_cell_0400,alpha
human2_lib2.final_cell_0402,alpha
human2_lib2.final_cell_0403,ductal
human2_lib2.final_cell_0404,alpha
human2_lib2.final_cell_0405,alpha
human2_lib2.final_cell_0406,alpha
human2_lib2.final_cell_0407,alpha
human2_lib2.final_cell_0408,gamma
human2_lib2.final_cell_0409,beta
human2_lib2.final_cell_0410,ductal
human2_lib2.final_cell_0411,beta
human2_lib2.final_cell_0412,alpha
human2_lib2.final_cell_0413,beta
human2_lib2.final_cell_0414,alpha
human2_lib2.final_cell_0415,alpha
human2_lib2.final_cell_0416,beta
human2_lib2.final_cell_0417,alpha
human2_lib2.final_cell_0418,alpha
human2_lib2.final_cell_0419,gamma
human2_lib2.final_cell_0420,ductal
human2_lib2.final_cell_0421,beta
human2_lib2.final_cell_0422,alpha
human2_lib2.final_cell_0423,alpha
human2_lib2.final_cell_0424,alpha
human2_lib2.final_cell_0425,alpha
human2_lib2.final_cell_0426,gamma
human2_lib2.final_cell_0427,delta
human2_lib2.final_cell_0428,alpha
human2_lib2.final_cell_0431,beta
human2_lib2.final_cell_0432,beta
human2_lib2.final_cell_0433,alpha
human2_lib2.final_cell_0434,gamma
human2_lib2.final_cell_0435,beta
human2_lib2.final_cell_0436,alpha
human2_lib2.final_cell_0437,alpha
human2_lib2.final_cell_0438,ductal
human2_lib2.final_cell_0439,beta
human2_lib2.final_cell_0440,beta
human2_lib2.final_cell_0441,alpha
human2_lib2.final_cell_0442,alpha
human2_lib2.final_cell_0443,ductal
human2_lib2.final_cell_0444,alpha
human2_lib2.final_cell_0445,alpha
human2_lib2.final_cell_0446,alpha
human2_lib2.final_cell_0447,alpha
human2_lib2.final_cell_0449,alpha
human2_lib2.final_cell_0450,alpha
human2_lib2.final_cell_0451,alpha
human2_lib2.final_cell_0452,alpha
human2_lib2.final_cell_0453,gamma
human2_lib2.final_cell_0454,beta
human2_lib2.final_cell_0455,alpha
human2_lib2.final_cell_0456,alpha
human2_lib2.final_cell_0457,alpha
human2_lib2.final_cell_0458,beta
human2_lib2.final_cell_0459,beta
human2_lib2.final_cell_0460,alpha
human2_lib2.final_cell_0461,alpha
human2_lib2.final_cell_0463,ductal
human2_lib2.final_cell_0464,alpha
human2_lib2.final_cell_0465,beta
human2_lib2.final_cell_0466,alpha
human2_lib2.final_cell_0467,beta
human2_lib2.final_cell_0468,ductal
human2_lib2.final_cell_0469,beta
human2_lib2.final_cell_0470,alpha
human2_lib2.final_cell_0471,alpha
human2_lib2.final_cell_0472,gamma
human2_lib2.final_cell_0473,alpha
human2_lib2.final_cell_0474,alpha
human2_lib2.final_cell_0475,beta
human2_lib2.final_cell_0477,alpha
human2_lib2.final_cell_0478,endothelial
human2_lib2.final_cell_0479,alpha
human2_lib2.final_cell_0480,alpha
human2_lib2.final_cell_0481,alpha
human2_lib2.final_cell_0482,alpha
human2_lib2.final_cell_0483,beta
human2_lib2.final_cell_0484,alpha
human2_lib2.final_cell_0485,beta
human2_lib2.final_cell_0486,alpha
human2_lib2.final_cell_0487,alpha
human2_lib2.final_cell_0488,gamma
human2_lib2.final_cell_0489,alpha
human2_lib2.final_cell_0490,alpha
human2_lib2.final_cell_0491,alpha
human2_lib2.final_cell_0492,alpha
human2_lib2.final_cell_0493,alpha
human2_lib2.final_cell_0494,alpha
human2_lib2.final_cell_0495,alpha
human2_lib2.final_cell_0496,beta
human2_lib2.final_cell_0497,alpha
human2_lib2.final_cell_0498,alpha
human2_lib2.final_cell_0499,ductal
human2_lib2.final_cell_0501,ductal
human2_lib2.final_cell_0502,alpha
human2_lib2.final_cell_0503,alpha
human2_lib2.final_cell_0505,alpha
human2_lib2.final_cell_0506,alpha
human2_lib2.final_cell_0507,beta
human2_lib2.final_cell_0508,beta
human2_lib2.final_cell_0509,beta
human2_lib2.final_cell_0510,ductal
human2_lib2.final_cell_0511,beta
human2_lib2.final_cell_0512,alpha
human2_lib2.final_cell_0513,beta
human2_lib2.final_cell_0514,ductal
human2_lib2.final_cell_0515,alpha
human2_lib2.final_cell_0517,alpha
human2_lib2.final_cell_0518,alpha
human2_lib2.final_cell_0519,beta
human2_lib2.final_cell_0520,gamma
human2_lib2.final_cell_0521,beta
human2_lib2.final_cell_0522,ductal
human2_lib2.final_cell_0523,ductal
human2_lib2.final_cell_0524,alpha
human2_lib2.final_cell_0525,gamma
human2_lib2.final_cell_0527,gamma
human2_lib2.final_cell_0529,alpha
human2_lib2.final_cell_0530,ductal
human2_lib2.final_cell_0531,gamma
human2_lib2.final_cell_0532,alpha
human2_lib2.final_cell_0533,alpha
human2_lib2.final_cell_0534,alpha
human2_lib2.final_cell_0535,alpha
human2_lib2.final_cell_0536,ductal
human2_lib2.final_cell_0537,alpha
human2_lib2.final_cell_0538,alpha
human2_lib2.final_cell_0539,alpha
human2_lib2.final_cell_0541,alpha
human2_lib2.final_cell_0542,alpha
human2_lib2.final_cell_0544,beta
human2_lib2.final_cell_0545,alpha
human2_lib2.final_cell_0546,beta
human2_lib2.final_cell_0547,alpha
human2_lib2.final_cell_0548,alpha
human2_lib2.final_cell_0549,gamma
human2_lib2.final_cell_0550,gamma
human2_lib2.final_cell_0551,ductal
human2_lib2.final_cell_0552,alpha
human2_lib2.final_cell_0554,alpha
human2_lib2.final_cell_0555,ductal
human2_lib2.final_cell_0556,delta
human2_lib2.final_cell_0557,alpha
human2_lib2.final_cell_0558,alpha
human2_lib2.final_cell_0560,beta
human2_lib2.final_cell_0561,alpha
human2_lib2.final_cell_0563,ductal
human2_lib2.final_cell_0564,alpha
human2_lib2.final_cell_0566,ductal
human2_lib2.final_cell_0567,alpha
human2_lib2.final_cell_0569,beta
human2_lib2.final_cell_0570,beta
human2_lib2.final_cell_0572,alpha
human2_lib2.final_cell_0573,alpha
human2_lib2.final_cell_0574,ductal
human2_lib2.final_cell_0575,beta
human2_lib2.final_cell_0576,beta
human2_lib2.final_cell_0577,alpha
human2_lib2.final_cell_0579,gamma
human2_lib2.final_cell_0580,ductal
human2_lib2.final_cell_0581,alpha
human2_lib2.final_cell_0584,beta
human2_lib2.final_cell_0585,gamma
human2_lib2.final_cell_0586,beta
human2_lib2.final_cell_0587,beta
human2_lib2.final_cell_0588,beta
human2_lib2.final_cell_0589,beta
human2_lib2.final_cell_0591,beta
human2_lib2.final_cell_0592,beta
human2_lib2.final_cell_0593,alpha
human2_lib2.final_cell_0594,beta
human2_lib2.final_cell_0595,alpha
human2_lib2.final_cell_0596,ductal
human2_lib2.final_cell_0597,beta
human2_lib2.final_cell_0598,alpha
human2_lib2.final_cell_0599,ductal
human2_lib2.final_cell_0600,alpha
human2_lib3.final_cell_0001,beta
human2_lib3.final_cell_0002,delta
human2_lib3.final_cell_0003,delta
human2_lib3.final_cell_0004,beta
human2_lib3.final_cell_0005,ductal
human2_lib3.final_cell_0006,alpha
human2_lib3.final_cell_0007,beta
human2_lib3.final_cell_0008,ductal
human2_lib3.final_cell_0009,alpha
human2_lib3.final_cell_0010,delta
human2_lib3.final_cell_0011,ductal
human2_lib3.final_cell_0012,alpha
human2_lib3.final_cell_0013,ductal
human2_lib3.final_cell_0014,delta
human2_lib3.final_cell_0015,ductal
human2_lib3.final_cell_0016,alpha
human2_lib3.final_cell_0017,ductal
human2_lib3.final_cell_0018,ductal
human2_lib3.final_cell_0019,delta
human2_lib3.final_cell_0020,delta
human2_lib3.final_cell_0021,alpha
human2_lib3.final_cell_0022,beta
human2_lib3.final_cell_0023,delta
human2_lib3.final_cell_0024,delta
human2_lib3.final_cell_0025,beta
human2_lib3.final_cell_0026,delta
human2_lib3.final_cell_0027,ductal
human2_lib3.final_cell_0028,ductal
human2_lib3.final_cell_0029,ductal
human2_lib3.final_cell_0030,ductal
human2_lib3.final_cell_0031,delta
human2_lib3.final_cell_0032,alpha
human2_lib3.final_cell_0033,delta
human2_lib3.final_cell_0034,alpha
human2_lib3.final_cell_0035,beta
human2_lib3.final_cell_0036,ductal
human2_lib3.final_cell_0038,alpha
human2_lib3.final_cell_0039,delta
human2_lib3.final_cell_0040,alpha
human2_lib3.final_cell_0041,delta
human2_lib3.final_cell_0042,alpha
human2_lib3.final_cell_0043,delta
human2_lib3.final_cell_0045,alpha
human2_lib3.final_cell_0046,alpha
human2_lib3.final_cell_0047,delta
human2_lib3.final_cell_0048,delta
human2_lib3.final_cell_0049,beta
human2_lib3.final_cell_0050,beta
human2_lib3.final_cell_0051,alpha
human2_lib3.final_cell_0052,alpha
human2_lib3.final_cell_0053,beta
human2_lib3.final_cell_0054,delta
human2_lib3.final_cell_0055,alpha
human2_lib3.final_cell_0056,alpha
human2_lib3.final_cell_0058,ductal
human2_lib3.final_cell_0059,alpha
human2_lib3.final_cell_0060,beta
human2_lib3.final_cell_0061,alpha
human2_lib3.final_cell_0063,alpha
human2_lib3.final_cell_0064,ductal
human2_lib3.final_cell_0065,alpha
human2_lib3.final_cell_0067,alpha
human2_lib3.final_cell_0068,beta
human2_lib3.final_cell_0069,delta
human2_lib3.final_cell_0070,alpha
human2_lib3.final_cell_0071,alpha
human2_lib3.final_cell_0072,alpha
human2_lib3.final_cell_0073,alpha
human2_lib3.final_cell_0074,alpha
human2_lib3.final_cell_0075,alpha
human2_lib3.final_cell_0078,ductal
human2_lib3.final_cell_0079,beta
human2_lib3.final_cell_0080,ductal
human2_lib3.final_cell_0081,ductal
human2_lib3.final_cell_0082,alpha
human2_lib3.final_cell_0083,alpha
human2_lib3.final_cell_0084,alpha
human2_lib3.final_cell_0085,alpha
human2_lib3.final_cell_0086,ductal
human2_lib3.final_cell_0087,delta
human2_lib3.final_cell_0088,delta
human2_lib3.final_cell_0089,beta
human2_lib3.final_cell_0090,alpha
human2_lib3.final_cell_0091,ductal
human2_lib3.final_cell_0092,ductal
human2_lib3.final_cell_0093,beta
human2_lib3.final_cell_0094,alpha
human2_lib3.final_cell_0095,delta
human2_lib3.final_cell_0096,beta
human2_lib3.final_cell_0098,delta
human2_lib3.final_cell_0101,alpha
human2_lib3.final_cell_0103,ductal
human2_lib3.final_cell_0104,alpha
human2_lib3.final_cell_0105,alpha
human2_lib3.final_cell_0106,beta
human2_lib3.final_cell_0107,beta
human2_lib3.final_cell_0109,beta
human2_lib3.final_cell_0110,beta
human2_lib3.final_cell_0111,ductal
human2_lib3.final_cell_0112,ductal
human2_lib3.final_cell_0113,alpha
human2_lib3.final_cell_0114,ductal
human2_lib3.final_cell_0115,ductal
human2_lib3.final_cell_0116,alpha
human2_lib3.final_cell_0118,alpha
human2_lib3.final_cell_0119,ductal
human2_lib3.final_cell_0120,beta
human2_lib3.final_cell_0121,beta
human2_lib3.final_cell_0122,alpha
human2_lib3.final_cell_0123,delta
human2_lib3.final_cell_0125,ductal
human2_lib3.final_cell_0126,beta
human2_lib3.final_cell_0127,alpha
human2_lib3.final_cell_0128,alpha
human2_lib3.final_cell_0129,alpha
human2_lib3.final_cell_0130,alpha
human2_lib3.final_cell_0132,beta
human2_lib3.final_cell_0133,beta
human2_lib3.final_cell_0134,beta
human2_lib3.final_cell_0135,alpha
human2_lib3.final_cell_0136,beta
human2_lib3.final_cell_0137,delta
human2_lib3.final_cell_0138,alpha
human2_lib3.final_cell_0139,alpha
human2_lib3.final_cell_0140,alpha
human2_lib3.final_cell_0141,beta
human2_lib3.final_cell_0142,alpha
human2_lib3.final_cell_0143,alpha
human2_lib3.final_cell_0144,ductal
human2_lib3.final_cell_0145,beta
human2_lib3.final_cell_0146,alpha
human2_lib3.final_cell_0148,ductal
human2_lib3.final_cell_0149,delta
human2_lib3.final_cell_0150,alpha
human2_lib3.final_cell_0151,beta
human2_lib3.final_cell_0152,alpha
human2_lib3.final_cell_0153,alpha
human2_lib3.final_cell_0154,alpha
human2_lib3.final_cell_0156,ductal
human2_lib3.final_cell_0157,alpha
human2_lib3.final_cell_0158,ductal
human2_lib3.final_cell_0159,delta
human2_lib3.final_cell_0160,beta
human2_lib3.final_cell_0161,delta
human2_lib3.final_cell_0162,ductal
human2_lib3.final_cell_0163,alpha
human2_lib3.final_cell_0164,alpha
human2_lib3.final_cell_0165,beta
human2_lib3.final_cell_0167,ductal
human2_lib3.final_cell_0168,ductal
human2_lib3.final_cell_0169,ductal
human2_lib3.final_cell_0170,ductal
human2_lib3.final_cell_0171,alpha
human2_lib3.final_cell_0172,delta
human2_lib3.final_cell_0173,ductal
human2_lib3.final_cell_0174,alpha
human2_lib3.final_cell_0175,alpha
human2_lib3.final_cell_0176,alpha
human2_lib3.final_cell_0177,alpha
human2_lib3.final_cell_0178,alpha
human2_lib3.final_cell_0179,beta
human2_lib3.final_cell_0180,alpha
human2_lib3.final_cell_0181,alpha
human2_lib3.final_cell_0182,alpha
human2_lib3.final_cell_0184,alpha
human2_lib3.final_cell_0185,beta
human2_lib3.final_cell_0186,alpha
human2_lib3.final_cell_0187,ductal
human2_lib3.final_cell_0188,alpha
human2_lib3.final_cell_0189,alpha
human2_lib3.final_cell_0190,alpha
human2_lib3.final_cell_0191,ductal
human2_lib3.final_cell_0192,alpha
human2_lib3.final_cell_0193,alpha
human2_lib3.final_cell_0195,beta
human2_lib3.final_cell_0196,ductal
human2_lib3.final_cell_0197,beta
human2_lib3.final_cell_0198,ductal
human2_lib3.final_cell_0199,alpha
human2_lib3.final_cell_0200,beta
human2_lib3.final_cell_0201,alpha
human2_lib3.final_cell_0202,delta
human2_lib3.final_cell_0203,alpha
human2_lib3.final_cell_0204,ductal
human2_lib3.final_cell_0205,alpha
human2_lib3.final_cell_0206,alpha
human2_lib3.final_cell_0207,alpha
human2_lib3.final_cell_0208,endothelial
human2_lib3.final_cell_0209,ductal
human2_lib3.final_cell_0210,delta
human2_lib3.final_cell_0211,beta
human2_lib3.final_cell_0212,alpha
human2_lib3.final_cell_0213,alpha
human2_lib3.final_cell_0214,alpha
human2_lib3.final_cell_0215,beta
human2_lib3.final_cell_0216,alpha
human2_lib3.final_cell_0217,ductal
human2_lib3.final_cell_0218,alpha
human2_lib3.final_cell_0219,alpha
human2_lib3.final_cell_0220,beta
human2_lib3.final_cell_0221,alpha
human2_lib3.final_cell_0222,alpha
human2_lib3.final_cell_0223,delta
human2_lib3.final_cell_0224,alpha
human2_lib3.final_cell_0225,alpha
human2_lib3.final_cell_0226,delta
human2_lib3.final_cell_0228,alpha
human2_lib3.final_cell_0229,ductal
human2_lib3.final_cell_0231,alpha
human2_lib3.final_cell_0232,alpha
human2_lib3.final_cell_0233,ductal
human2_lib3.final_cell_0234,beta
human2_lib3.final_cell_0235,beta
human2_lib3.final_cell_0236,alpha
human2_lib3.final_cell_0237,ductal
human2_lib3.final_cell_0238,ductal
human2_lib3.final_cell_0239,gamma
human2_lib3.final_cell_0241,alpha
human2_lib3.final_cell_0242,alpha
human2_lib3.final_cell_0243,delta
human2_lib3.final_cell_0244,beta
human2_lib3.final_cell_0245,alpha
human2_lib3.final_cell_0246,beta
human2_lib3.final_cell_0248,beta
human2_lib3.final_cell_0249,delta
human2_lib3.final_cell_0250,delta
human2_lib3.final_cell_0252,delta
human2_lib3.final_cell_0253,beta
human2_lib3.final_cell_0254,ductal
human2_lib3.final_cell_0255,alpha
human2_lib3.final_cell_0256,beta
human2_lib3.final_cell_0257,beta
human2_lib3.final_cell_0258,alpha
human2_lib3.final_cell_0259,alpha
human2_lib3.final_cell_0260,delta
human2_lib3.final_cell_0261,beta
human2_lib3.final_cell_0262,alpha
human2_lib3.final_cell_0263,gamma
human2_lib3.final_cell_0264,alpha
human2_lib3.final_cell_0266,beta
human2_lib3.final_cell_0267,alpha
human2_lib3.final_cell_0268,ductal
human2_lib3.final_cell_0269,ductal
human2_lib3.final_cell_0270,beta
human2_lib3.final_cell_0272,beta
human2_lib3.final_cell_0274,ductal
human2_lib3.final_cell_0275,beta
human2_lib3.final_cell_0276,alpha
human2_lib3.final_cell_0277,alpha
human2_lib3.final_cell_0278,alpha
human2_lib3.final_cell_0281,ductal
human2_lib3.final_cell_0282,alpha
human2_lib3.final_cell_0283,alpha
human2_lib3.final_cell_0284,beta
human2_lib3.final_cell_0285,alpha
human2_lib3.final_cell_0286,alpha
human2_lib3.final_cell_0287,alpha
human2_lib3.final_cell_0288,delta
human2_lib3.final_cell_0290,beta
human2_lib3.final_cell_0291,beta
human2_lib3.final_cell_0292,endothelial
human2_lib3.final_cell_0293,beta
human2_lib3.final_cell_0294,alpha
human2_lib3.final_cell_0295,alpha
human2_lib3.final_cell_0296,alpha
human2_lib3.final_cell_0297,ductal
human2_lib3.final_cell_0298,ductal
human2_lib3.final_cell_0299,alpha
human2_lib3.final_cell_0300,beta
human2_lib3.final_cell_0301,beta
human2_lib3.final_cell_0302,alpha
human2_lib3.final_cell_0303,beta
human2_lib3.final_cell_0304,alpha
human2_lib3.final_cell_0305,endothelial
human2_lib3.final_cell_0306,delta
human2_lib3.final_cell_0307,beta
human2_lib3.final_cell_0308,ductal
human2_lib3.final_cell_0309,alpha
human2_lib3.final_cell_0311,delta
human2_lib3.final_cell_0312,ductal
human2_lib3.final_cell_0313,beta
human2_lib3.final_cell_0314,delta
human2_lib3.final_cell_0315,ductal
human2_lib3.final_cell_0316,alpha
human2_lib3.final_cell_0317,delta
human2_lib3.final_cell_0318,ductal
human2_lib3.final_cell_0319,beta
human2_lib3.final_cell_0320,beta
human2_lib3.final_cell_0321,alpha
human2_lib3.final_cell_0322,beta
human2_lib3.final_cell_0323,ductal
human2_lib3.final_cell_0324,beta
human2_lib3.final_cell_0325,alpha
human2_lib3.final_cell_0326,alpha
human2_lib3.final_cell_0327,ductal
human2_lib3.final_cell_0328,ductal
human2_lib3.final_cell_0329,alpha
human2_lib3.final_cell_0330,gamma
human2_lib3.final_cell_0331,delta
human2_lib3.final_cell_0332,ductal
human2_lib3.final_cell_0333,alpha
human2_lib3.final_cell_0334,beta
human2_lib3.final_cell_0335,ductal
human2_lib3.final_cell_0336,alpha
human2_lib3.final_cell_0337,alpha
human2_lib3.final_cell_0338,gamma
human2_lib3.final_cell_0339,alpha
human2_lib3.final_cell_0340,alpha
human2_lib3.final_cell_0341,ductal
human2_lib3.final_cell_0342,gamma
human2_lib3.final_cell_0343,alpha
human2_lib3.final_cell_0344,alpha
human2_lib3.final_cell_0345,alpha
human2_lib3.final_cell_0346,delta
human2_lib3.final_cell_0347,gamma
human2_lib3.final_cell_0348,alpha
human2_lib3.final_cell_0349,endothelial
human2_lib3.final_cell_0350,delta
human2_lib3.final_cell_0351,alpha
human2_lib3.final_cell_0352,ductal
human2_lib3.final_cell_0353,gamma
human2_lib3.final_cell_0355,beta
human2_lib3.final_cell_0356,ductal
human2_lib3.final_cell_0358,gamma
human2_lib3.final_cell_0359,alpha
human2_lib3.final_cell_0360,beta
human2_lib3.final_cell_0361,gamma
human2_lib3.final_cell_0362,alpha
human2_lib3.final_cell_0363,gamma
human2_lib3.final_cell_0364,alpha
human2_lib3.final_cell_0365,alpha
human2_lib3.final_cell_0366,beta
human2_lib3.final_cell_0367,ductal
human2_lib3.final_cell_0368,alpha
human2_lib3.final_cell_0369,ductal
human2_lib3.final_cell_0370,delta
human2_lib3.final_cell_0371,ductal
human2_lib3.final_cell_0372,alpha
human2_lib3.final_cell_0373,alpha
human2_lib3.final_cell_0374,beta
human2_lib3.final_cell_0375,alpha
human2_lib3.final_cell_0376,beta
human2_lib3.final_cell_0377,alpha
human2_lib3.final_cell_0378,ductal
human2_lib3.final_cell_0379,gamma
human2_lib3.final_cell_0380,alpha
human2_lib3.final_cell_0381,alpha
human2_lib3.final_cell_0382,alpha
human2_lib3.final_cell_0383,ductal
human2_lib3.final_cell_0384,alpha
human2_lib3.final_cell_0385,gamma
human2_lib3.final_cell_0387,beta
human2_lib3.final_cell_0388,ductal
human2_lib3.final_cell_0389,alpha
human2_lib3.final_cell_0390,alpha
human2_lib3.final_cell_0391,alpha
human2_lib3.final_cell_0392,ductal
human2_lib3.final_cell_0393,alpha
human2_lib3.final_cell_0394,beta
human2_lib3.final_cell_0395,ductal
human2_lib3.final_cell_0396,alpha
human2_lib3.final_cell_0397,beta
human2_lib3.final_cell_0398,alpha
human2_lib3.final_cell_0399,gamma
human2_lib3.final_cell_0400,gamma
human2_lib3.final_cell_0401,alpha
human2_lib3.final_cell_0402,beta
human2_lib3.final_cell_0403,alpha
human2_lib3.final_cell_0404,alpha
human2_lib3.final_cell_0405,beta
human2_lib3.final_cell_0406,alpha
human2_lib3.final_cell_0407,alpha
human2_lib3.final_cell_0408,gamma
human2_lib3.final_cell_0409,alpha
human2_lib3.final_cell_0410,delta
human2_lib3.final_cell_0411,alpha
human2_lib3.final_cell_0412,alpha
human2_lib3.final_cell_0413,beta
human2_lib3.final_cell_0414,beta
human2_lib3.final_cell_0415,alpha
human2_lib3.final_cell_0416,alpha
human2_lib3.final_cell_0417,endothelial
human2_lib3.final_cell_0418,ductal
human2_lib3.final_cell_0419,gamma
human2_lib3.final_cell_0420,alpha
human2_lib3.final_cell_0421,endothelial
human2_lib3.final_cell_0422,ductal
human2_lib3.final_cell_0423,gamma
human2_lib3.final_cell_0424,delta
human2_lib3.final_cell_0425,gamma
human2_lib3.final_cell_0426,alpha
human2_lib3.final_cell_0427,ductal
human2_lib3.final_cell_0430,beta
human2_lib3.final_cell_0431,beta
human2_lib3.final_cell_0432,gamma
human2_lib3.final_cell_0433,beta
human2_lib3.final_cell_0434,alpha
human2_lib3.final_cell_0435,ductal
human2_lib3.final_cell_0436,beta
human2_lib3.final_cell_0437,beta
human2_lib3.final_cell_0438,delta
human2_lib3.final_cell_0439,gamma
human2_lib3.final_cell_0440,ductal
human2_lib3.final_cell_0441,alpha
human2_lib3.final_cell_0442,alpha
human2_lib3.final_cell_0443,delta
human2_lib3.final_cell_0444,alpha
human2_lib3.final_cell_0445,ductal
human2_lib3.final_cell_0446,beta
human2_lib3.final_cell_0447,beta
human2_lib3.final_cell_0448,ductal
human2_lib3.final_cell_0449,alpha
human2_lib3.final_cell_0450,ductal
human2_lib3.final_cell_0451,beta
human2_lib3.final_cell_0452,alpha
human2_lib3.final_cell_0453,alpha
human2_lib3.final_cell_0454,alpha
human2_lib3.final_cell_0455,gamma
human2_lib3.final_cell_0456,alpha
human2_lib3.final_cell_0457,delta
human2_lib3.final_cell_0458,alpha
human2_lib3.final_cell_0459,beta
human2_lib3.final_cell_0460,ductal
human2_lib3.final_cell_0461,alpha
human2_lib3.final_cell_0462,alpha
human2_lib3.final_cell_0463,beta
human2_lib3.final_cell_0464,alpha
human2_lib3.final_cell_0465,beta
human2_lib3.final_cell_0466,beta
human2_lib3.final_cell_0467,ductal
human2_lib3.final_cell_0468,ductal
human2_lib3.final_cell_0469,alpha
human2_lib3.final_cell_0470,gamma
human2_lib3.final_cell_0471,alpha
human2_lib3.final_cell_0472,alpha
human2_lib3.final_cell_0473,ductal
human2_lib3.final_cell_0474,ductal
human2_lib3.final_cell_0475,beta
human2_lib3.final_cell_0476,alpha
human2_lib3.final_cell_0477,gamma
human2_lib3.final_cell_0478,ductal
human2_lib3.final_cell_0479,beta
human2_lib3.final_cell_0480,ductal
human2_lib3.final_cell_0481,beta
human2_lib3.final_cell_0482,alpha
human2_lib3.final_cell_0483,alpha
human2_lib3.final_cell_0484,beta
human2_lib3.final_cell_0485,alpha
human2_lib3.final_cell_0486,alpha
human2_lib3.final_cell_0487,ductal
human2_lib3.final_cell_0489,alpha
human2_lib3.final_cell_0490,ductal
human2_lib3.final_cell_0491,delta
human2_lib3.final_cell_0492,alpha
human2_lib3.final_cell_0494,gamma
human2_lib3.final_cell_0495,beta
human2_lib3.final_cell_0497,alpha
human2_lib3.final_cell_0499,alpha
human2_lib3.final_cell_0501,alpha
human2_lib3.final_cell_0502,beta
human2_lib3.final_cell_0503,alpha
human2_lib3.final_cell_0504,alpha
human2_lib3.final_cell_0505,ductal
human2_lib3.final_cell_0506,ductal
human2_lib3.final_cell_0507,ductal
human2_lib3.final_cell_0508,beta
human2_lib3.final_cell_0509,endothelial
human2_lib3.final_cell_0510,ductal
human2_lib3.final_cell_0511,beta
human2_lib3.final_cell_0512,ductal
human2_lib3.final_cell_0513,alpha
human2_lib3.final_cell_0514,alpha
human2_lib3.final_cell_0515,beta
human2_lib3.final_cell_0516,gamma
human2_lib3.final_cell_0517,alpha
human2_lib3.final_cell_0518,alpha
human2_lib3.final_cell_0519,beta
human2_lib3.final_cell_0520,alpha
human2_lib3.final_cell_0521,beta
human2_lib3.final_cell_0522,beta
human2_lib3.final_cell_0523,endothelial
human2_lib3.final_cell_0524,beta
human2_lib3.final_cell_0526,gamma
human2_lib3.final_cell_0527,gamma
human2_lib3.final_cell_0528,alpha
human2_lib3.final_cell_0529,ductal
human2_lib3.final_cell_0531,alpha
human2_lib3.final_cell_0532,alpha
human2_lib3.final_cell_0533,alpha
human2_lib3.final_cell_0534,beta
human2_lib3.final_cell_0535,alpha
human2_lib3.final_cell_0536,alpha
human2_lib3.final_cell_0537,alpha
human2_lib3.final_cell_0538,alpha
human2_lib3.final_cell_0539,alpha
human2_lib3.final_cell_0540,ductal
human2_lib3.final_cell_0541,alpha
human2_lib3.final_cell_0542,beta
human2_lib3.final_cell_0543,beta
human2_lib3.final_cell_0544,alpha
human2_lib3.final_cell_0548,alpha
human2_lib3.final_cell_0549,ductal
human2_lib3.final_cell_0550,beta
human2_lib3.final_cell_0551,alpha
human2_lib3.final_cell_0552,ductal
human2_lib3.final_cell_0553,gamma
human2_lib3.final_cell_0554,beta
human2_lib3.final_cell_0555,beta
human2_lib3.final_cell_0556,alpha
human2_lib3.final_cell_0557,beta
human2_lib3.final_cell_0558,alpha
human2_lib3.final_cell_0559,gamma
human2_lib3.final_cell_0560,beta
human2_lib3.final_cell_0563,ductal
human2_lib3.final_cell_0565,alpha
human4_lib1.final_cell_0001,ductal
human4_lib1.final_cell_0002,delta
human4_lib1.final_cell_0003,delta
human4_lib1.final_cell_0004,ductal
human4_lib1.final_cell_0005,ductal
human4_lib1.final_cell_0006,ductal
human4_lib1.final_cell_0007,ductal
human4_lib1.final_cell_0008,alpha
human4_lib1.final_cell_0009,ductal
human4_lib1.final_cell_0010,ductal
human4_lib1.final_cell_0011,alpha
human4_lib1.final_cell_0012,ductal
human4_lib1.final_cell_0013,ductal
human4_lib1.final_cell_0014,ductal
human4_lib1.final_cell_0015,delta
human4_lib1.final_cell_0017,beta
human4_lib1.final_cell_0018,ductal
human4_lib1.final_cell_0019,ductal
human4_lib1.final_cell_0020,beta
human4_lib1.final_cell_0021,beta
human4_lib1.final_cell_0022,delta
human4_lib1.final_cell_0023,ductal
human4_lib1.final_cell_0024,delta
human4_lib1.final_cell_0025,alpha
human4_lib1.final_cell_0026,beta
human4_lib1.final_cell_0027,beta
human4_lib1.final_cell_0028,delta
human4_lib1.final_cell_0029,ductal
human4_lib1.final_cell_0031,ductal
human4_lib1.final_cell_0032,ductal
human4_lib1.final_cell_0033,ductal
human4_lib1.final_cell_0034,beta
human4_lib1.final_cell_0036,alpha
human4_lib1.final_cell_0037,beta
human4_lib1.final_cell_0038,beta
human4_lib1.final_cell_0039,alpha
human4_lib1.final_cell_0040,ductal
human4_lib1.final_cell_0041,beta
human4_lib1.final_cell_0042,beta
human4_lib1.final_cell_0043,alpha
human4_lib1.final_cell_0044,ductal
human4_lib1.final_cell_0045,ductal
human4_lib1.final_cell_0046,beta
human4_lib1.final_cell_0047,beta
human4_lib1.final_cell_0048,alpha
human4_lib1.final_cell_0049,beta
human4_lib1.final_cell_0050,alpha
human4_lib1.final_cell_0051,beta
human4_lib1.final_cell_0052,ductal
human4_lib1.final_cell_0053,beta
human4_lib1.final_cell_0054,ductal
human4_lib1.final_cell_0055,alpha
human4_lib1.final_cell_0056,beta
human4_lib1.final_cell_0057,delta
human4_lib1.final_cell_0058,beta
human4_lib1.final_cell_0059,beta
human4_lib1.final_cell_0060,ductal
human4_lib1.final_cell_0061,beta
human4_lib1.final_cell_0062,ductal
human4_lib1.final_cell_0063,beta
human4_lib1.final_cell_0064,ductal
human4_lib1.final_cell_0065,ductal
human4_lib1.final_cell_0067,alpha
human4_lib1.final_cell_0068,alpha
human4_lib1.final_cell_0069,delta
human4_lib1.final_cell_0072,beta
human4_lib1.final_cell_0074,alpha
human4_lib1.final_cell_0075,beta
human4_lib1.final_cell_0076,ductal
human4_lib1.final_cell_0078,beta
human4_lib1.final_cell_0079,ductal
human4_lib1.final_cell_0080,beta
human4_lib1.final_cell_0081,beta
human4_lib1.final_cell_0083,delta
human4_lib1.final_cell_0084,beta
human4_lib1.final_cell_0085,beta
human4_lib1.final_cell_0086,beta
human4_lib1.final_cell_0087,beta
human4_lib1.final_cell_0088,delta
human4_lib1.final_cell_0089,beta
human4_lib1.final_cell_0090,delta
human4_lib1.final_cell_0091,alpha
human4_lib1.final_cell_0092,ductal
human4_lib1.final_cell_0093,alpha
human4_lib1.final_cell_0094,alpha
human4_lib1.final_cell_0095,alpha
human4_lib1.final_cell_0097,delta
human4_lib1.final_cell_0098,ductal
human4_lib1.final_cell_0099,ductal
human4_lib1.final_cell_0100,beta
human4_lib1.final_cell_0101,ductal
human4_lib1.final_cell_0102,beta
human4_lib1.final_cell_0103,beta
human4_lib1.final_cell_0104,alpha
human4_lib1.final_cell_0105,beta
human4_lib1.final_cell_0106,delta
human4_lib1.final_cell_0107,alpha
human4_lib1.final_cell_0108,alpha
human4_lib1.final_cell_0109,delta
human4_lib1.final_cell_0110,beta
human4_lib1.final_cell_0111,ductal
human4_lib1.final_cell_0112,beta
human4_lib1.final_cell_0113,beta
human4_lib1.final_cell_0114,delta
human4_lib1.final_cell_0116,ductal
human4_lib1.final_cell_0117,alpha
human4_lib1.final_cell_0118,ductal
human4_lib1.final_cell_0119,ductal
human4_lib1.final_cell_0120,beta
human4_lib1.final_cell_0121,beta
human4_lib1.final_cell_0122,gamma
human4_lib1.final_cell_0123,alpha
human4_lib1.final_cell_0124,beta
human4_lib1.final_cell_0125,beta
human4_lib1.final_cell_0126,beta
human4_lib1.final_cell_0127,ductal
human4_lib1.final_cell_0129,delta
human4_lib1.final_cell_0130,beta
human4_lib1.final_cell_0131,ductal
human4_lib1.final_cell_0132,beta
human4_lib1.final_cell_0133,ductal
human4_lib1.final_cell_0134,ductal
human4_lib1.final_cell_0135,beta
human4_lib1.final_cell_0136,alpha
human4_lib1.final_cell_0137,ductal
human4_lib1.final_cell_0138,delta
human4_lib1.final_cell_0139,beta
human4_lib1.final_cell_0140,delta
human4_lib1.final_cell_0141,delta
human4_lib1.final_cell_0142,alpha
human4_lib1.final_cell_0143,alpha
human4_lib1.final_cell_0144,ductal
human4_lib1.final_cell_0146,alpha
human4_lib1.final_cell_0147,ductal
human4_lib1.final_cell_0148,ductal
human4_lib1.final_cell_0149,ductal
human4_lib1.final_cell_0150,beta
human4_lib1.final_cell_0151,beta
human4_lib1.final_cell_0152,alpha
human4_lib1.final_cell_0153,beta
human4_lib1.final_cell_0154,alpha
human4_lib1.final_cell_0155,beta
human4_lib1.final_cell_0156,beta
human4_lib1.final_cell_0157,ductal
human4_lib1.final_cell_0158,ductal
human4_lib1.final_cell_0159,beta
human4_lib1.final_cell_0160,beta
human4_lib1.final_cell_0161,alpha
human4_lib1.final_cell_0162,alpha
human4_lib1.final_cell_0163,beta
human4_lib1.final_cell_0164,beta
human4_lib1.final_cell_0165,alpha
human4_lib1.final_cell_0166,beta
human4_lib1.final_cell_0167,beta
human4_lib1.final_cell_0168,alpha
human4_lib1.final_cell_0169,delta
human4_lib1.final_cell_0170,beta
human4_lib1.final_cell_0171,alpha
human4_lib1.final_cell_0172,beta
human4_lib1.final_cell_0173,beta
human4_lib1.final_cell_0174,beta
human4_lib1.final_cell_0175,beta
human4_lib1.final_cell_0176,delta
human4_lib1.final_cell_0177,beta
human4_lib1.final_cell_0178,ductal
human4_lib1.final_cell_0179,gamma
human4_lib1.final_cell_0180,delta
human4_lib1.final_cell_0181,ductal
human4_lib1.final_cell_0182,alpha
human4_lib1.final_cell_0183,ductal
human4_lib1.final_cell_0184,alpha
human4_lib1.final_cell_0185,alpha
human4_lib1.final_cell_0186,delta
human4_lib1.final_cell_0187,alpha
human4_lib1.final_cell_0188,beta
human4_lib1.final_cell_0189,delta
human4_lib1.final_cell_0190,alpha
human4_lib1.final_cell_0191,alpha
human4_lib1.final_cell_0192,delta
human4_lib1.final_cell_0193,beta
human4_lib1.final_cell_0194,beta
human4_lib1.final_cell_0195,alpha
human4_lib1.final_cell_0196,gamma
human4_lib1.final_cell_0197,beta
human4_lib1.final_cell_0198,beta
human4_lib1.final_cell_0199,gamma
human4_lib1.final_cell_0200,delta
human4_lib1.final_cell_0201,ductal
human4_lib1.final_cell_0202,beta
human4_lib1.final_cell_0203,alpha
human4_lib1.final_cell_0204,delta
human4_lib1.final_cell_0205,beta
human4_lib1.final_cell_0206,beta
human4_lib1.final_cell_0207,alpha
human4_lib1.final_cell_0208,ductal
human4_lib1.final_cell_0209,ductal
human4_lib1.final_cell_0210,beta
human4_lib1.final_cell_0211,alpha
human4_lib1.final_cell_0212,ductal
human4_lib1.final_cell_0214,alpha
human4_lib1.final_cell_0215,beta
human4_lib1.final_cell_0216,alpha
human4_lib1.final_cell_0217,ductal
human4_lib1.final_cell_0218,beta
human4_lib1.final_cell_0219,beta
human4_lib1.final_cell_0220,ductal
human4_lib1.final_cell_0221,beta
human4_lib1.final_cell_0222,beta
human4_lib1.final_cell_0223,ductal
human4_lib1.final_cell_0224,beta
human4_lib1.final_cell_0225,beta
human4_lib1.final_cell_0226,beta
human4_lib1.final_cell_0227,beta
human4_lib1.final_cell_0228,alpha
human4_lib1.final_cell_0229,delta
human4_lib1.final_cell_0230,alpha
human4_lib1.final_cell_0232,alpha
human4_lib1.final_cell_0233,alpha
human4_lib1.final_cell_0234,beta
human4_lib1.final_cell_0236,beta
human4_lib1.final_cell_0237,beta
human4_lib1.final_cell_0238,ductal
human4_lib1.final_cell_0239,ductal
human4_lib1.final_cell_0240,gamma
human4_lib1.final_cell_0241,beta
human4_lib1.final_cell_0242,ductal
human4_lib1.final_cell_0243,beta
human4_lib1.final_cell_0244,beta
human4_lib1.final_cell_0245,beta
human4_lib1.final_cell_0246,beta
human4_lib1.final_cell_0247,beta
human4_lib1.final_cell_0248,alpha
human4_lib1.final_cell_0249,delta
human4_lib1.final_cell_0250,alpha
human4_lib1.final_cell_0251,ductal
human4_lib1.final_cell_0252,ductal
human4_lib1.final_cell_0253,beta
human4_lib1.final_cell_0254,alpha
human4_lib1.final_cell_0255,alpha
human4_lib1.final_cell_0256,ductal
human4_lib1.final_cell_0257,ductal
human4_lib1.final_cell_0258,alpha
human4_lib1.final_cell_0259,alpha
human4_lib1.final_cell_0260,ductal
human4_lib1.final_cell_0261,beta
human4_lib1.final_cell_0262,beta
human4_lib1.final_cell_0263,alpha
human4_lib1.final_cell_0264,ductal
human4_lib1.final_cell_0265,gamma
human4_lib1.final_cell_0266,beta
human4_lib1.final_cell_0267,delta
human4_lib1.final_cell_0268,gamma
human4_lib1.final_cell_0269,beta
human4_lib1.final_cell_0270,ductal
human4_lib1.final_cell_0271,ductal
human4_lib1.final_cell_0272,beta
human4_lib1.final_cell_0273,ductal
human4_lib1.final_cell_0274,beta
human4_lib1.final_cell_0275,alpha
human4_lib1.final_cell_0276,beta
human4_lib1.final_cell_0277,beta
human4_lib1.final_cell_0278,beta
human4_lib1.final_cell_0279,alpha
human4_lib1.final_cell_0280,beta
human4_lib1.final_cell_0281,alpha
human4_lib1.final_cell_0282,beta
human4_lib1.final_cell_0283,beta
human4_lib1.final_cell_0284,alpha
human4_lib1.final_cell_0285,ductal
human4_lib1.final_cell_0286,alpha
human4_lib1.final_cell_0287,ductal
human4_lib1.final_cell_0288,beta
human4_lib1.final_cell_0289,alpha
human4_lib1.final_cell_0290,beta
human4_lib1.final_cell_0291,beta
human4_lib1.final_cell_0292,beta
human4_lib1.final_cell_0293,beta
human4_lib1.final_cell_0294,alpha
human4_lib1.final_cell_0296,alpha
human4_lib1.final_cell_0297,delta
human4_lib1.final_cell_0298,gamma
human4_lib1.final_cell_0299,beta
human4_lib1.final_cell_0300,beta
human4_lib1.final_cell_0301,delta
human4_lib1.final_cell_0302,ductal
human4_lib1.final_cell_0303,ductal
human4_lib1.final_cell_0304,beta
human4_lib1.final_cell_0305,beta
human4_lib1.final_cell_0306,alpha
human4_lib1.final_cell_0307,beta
human4_lib1.final_cell_0308,alpha
human4_lib1.final_cell_0310,alpha
human4_lib1.final_cell_0311,gamma
human4_lib1.final_cell_0312,delta
human4_lib1.final_cell_0313,beta
human4_lib1.final_cell_0314,alpha
human4_lib1.final_cell_0315,alpha
human4_lib1.final_cell_0316,beta
human4_lib1.final_cell_0317,delta
human4_lib1.final_cell_0318,delta
human4_lib1.final_cell_0319,delta
human4_lib1.final_cell_0320,alpha
human4_lib1.final_cell_0321,beta
human4_lib1.final_cell_0322,beta
human4_lib1.final_cell_0324,ductal
human4_lib1.final_cell_0325,beta
human4_lib1.final_cell_0327,alpha
human4_lib1.final_cell_0328,gamma
human4_lib1.final_cell_0329,gamma
human4_lib1.final_cell_0330,beta
human4_lib1.final_cell_0331,gamma
human4_lib1.final_cell_0332,alpha
human4_lib1.final_cell_0333,alpha
human4_lib1.final_cell_0334,beta
human4_lib1.final_cell_0335,alpha
human4_lib1.final_cell_0336,ductal
human4_lib1.final_cell_0337,delta
human4_lib1.final_cell_0338,alpha
human4_lib1.final_cell_0339,beta
human4_lib1.final_cell_0340,beta
human4_lib1.final_cell_0341,alpha
human4_lib1.final_cell_0342,beta
human4_lib1.final_cell_0343,ductal
human4_lib1.final_cell_0344,alpha
human4_lib1.final_cell_0345,alpha
human4_lib1.final_cell_0346,ductal
human4_lib1.final_cell_0347,delta
human4_lib1.final_cell_0348,beta
human4_lib1.final_cell_0350,alpha
human4_lib1.final_cell_0351,ductal
human4_lib1.final_cell_0352,beta
human4_lib1.final_cell_0353,alpha
human4_lib1.final_cell_0355,ductal
human4_lib1.final_cell_0356,beta
human4_lib1.final_cell_0357,alpha
human4_lib1.final_cell_0358,beta
human4_lib1.final_cell_0359,beta
human4_lib1.final_cell_0360,ductal
human4_lib1.final_cell_0361,endothelial
human4_lib1.final_cell_0362,ductal
human4_lib1.final_cell_0363,alpha
human4_lib1.final_cell_0364,ductal
human4_lib1.final_cell_0365,gamma
human4_lib1.final_cell_0366,beta
human4_lib1.final_cell_0368,beta
human4_lib1.final_cell_0369,alpha
human4_lib1.final_cell_0370,alpha
human4_lib1.final_cell_0372,ductal
human4_lib1.final_cell_0373,alpha
human4_lib1.final_cell_0374,beta
human4_lib1.final_cell_0375,beta
human4_lib1.final_cell_0376,alpha
human4_lib1.final_cell_0377,delta
human4_lib1.final_cell_0378,beta
human4_lib1.final_cell_0379,ductal
human4_lib1.final_cell_0380,beta
human4_lib1.final_cell_0381,beta
human4_lib1.final_cell_0382,beta
human4_lib1.final_cell_0383,beta
human4_lib1.final_cell_0384,alpha
human4_lib1.final_cell_0385,beta
human4_lib1.final_cell_0386,alpha
human4_lib1.final_cell_0387,delta
human4_lib1.final_cell_0388,gamma
human4_lib1.final_cell_0389,beta
human4_lib1.final_cell_0390,beta
human4_lib1.final_cell_0391,alpha
human4_lib1.final_cell_0392,alpha
human4_lib1.final_cell_0393,delta
human4_lib1.final_cell_0394,alpha
human4_lib1.final_cell_0395,gamma
human4_lib1.final_cell_0396,beta
human4_lib1.final_cell_0397,beta
human4_lib1.final_cell_0398,beta
human4_lib1.final_cell_0399,ductal
human4_lib1.final_cell_0401,beta
human4_lib1.final_cell_0402,ductal
human4_lib1.final_cell_0403,beta
human4_lib1.final_cell_0404,beta
human4_lib1.final_cell_0405,beta
human4_lib1.final_cell_0406,delta
human4_lib1.final_cell_0407,beta
human4_lib1.final_cell_0408,alpha
human4_lib1.final_cell_0409,beta
human4_lib1.final_cell_0410,beta
human4_lib1.final_cell_0411,beta
human4_lib1.final_cell_0412,beta
human4_lib1.final_cell_0413,ductal
human4_lib1.final_cell_0414,beta
human4_lib1.final_cell_0415,beta
human4_lib1.final_cell_0416,alpha
human4_lib1.final_cell_0417,beta
human4_lib1.final_cell_0418,beta
human4_lib1.final_cell_0419,delta
human4_lib1.final_cell_0420,ductal
human4_lib1.final_cell_0421,alpha
human4_lib1.final_cell_0422,ductal
human4_lib1.final_cell_0423,beta
human4_lib1.final_cell_0424,alpha
human4_lib1.final_cell_0425,endothelial
human4_lib1.final_cell_0426,beta
human4_lib1.final_cell_0427,beta
human4_lib1.final_cell_0428,alpha
human4_lib1.final_cell_0429,beta
human4_lib1.final_cell_0430,beta
human4_lib1.final_cell_0431,beta
human4_lib1.final_cell_0432,beta
human4_lib1.final_cell_0433,beta
human4_lib1.final_cell_0434,beta
human4_lib1.final_cell_0435,alpha
human4_lib1.final_cell_0436,beta
human4_lib1.final_cell_0437,beta
human4_lib1.final_cell_0438,ductal
human4_lib1.final_cell_0439,ductal
human4_lib1.final_cell_0441,alpha
human4_lib1.final_cell_0442,alpha
human4_lib1.final_cell_0443,alpha
human4_lib1.final_cell_0444,beta
human4_lib1.final_cell_0445,beta
human4_lib1.final_cell_0446,ductal
human4_lib1.final_cell_0448,alpha
human4_lib1.final_cell_0449,gamma
human4_lib1.final_cell_0451,beta
human4_lib1.final_cell_0452,ductal
human4_lib1.final_cell_0453,delta
human4_lib1.final_cell_0454,beta
human4_lib1.final_cell_0455,ductal
human4_lib1.final_cell_0456,beta
human4_lib1.final_cell_0457,alpha
human4_lib1.final_cell_0458,gamma
human4_lib1.final_cell_0459,beta
human4_lib1.final_cell_0460,alpha
human4_lib1.final_cell_0461,beta
human4_lib1.final_cell_0462,ductal
human4_lib1.final_cell_0463,beta
human4_lib1.final_cell_0464,gamma
human4_lib1.final_cell_0465,beta
human4_lib1.final_cell_0466,ductal
human4_lib1.final_cell_0467,beta
human4_lib1.final_cell_0468,ductal
human4_lib1.final_cell_0469,ductal
human4_lib1.final_cell_0470,gamma
human4_lib1.final_cell_0472,alpha
human4_lib1.final_cell_0473,alpha
human4_lib1.final_cell_0474,beta
human4_lib1.final_cell_0475,beta
human4_lib1.final_cell_0476,beta
human4_lib1.final_cell_0477,alpha
human4_lib1.final_cell_0478,beta
human4_lib1.final_cell_0479,alpha
human4_lib1.final_cell_0480,alpha
human4_lib1.final_cell_0481,alpha
human4_lib1.final_cell_0482,beta
human4_lib1.final_cell_0483,alpha
human4_lib1.final_cell_0484,gamma
human4_lib1.final_cell_0485,endothelial
human4_lib1.final_cell_0486,beta
human4_lib1.final_cell_0487,alpha
human4_lib1.final_cell_0488,gamma
human4_lib1.final_cell_0489,beta
human4_lib1.final_cell_0490,beta
human4_lib1.final_cell_0491,beta
human4_lib1.final_cell_0492,ductal
human4_lib1.final_cell_0494,delta
human4_lib1.final_cell_0496,ductal
human4_lib1.final_cell_0497,beta
human4_lib1.final_cell_0498,alpha
human4_lib1.final_cell_0499,beta
human4_lib1.final_cell_0500,beta
human4_lib1.final_cell_0501,beta
human4_lib1.final_cell_0502,beta
human4_lib1.final_cell_0503,beta
human4_lib1.final_cell_0504,beta
human4_lib1.final_cell_0505,gamma
human4_lib1.final_cell_0507,ductal
human4_lib1.final_cell_0508,alpha
human4_lib1.final_cell_0509,beta
human4_lib1.final_cell_0510,beta
human4_lib1.final_cell_0511,alpha
human4_lib1.final_cell_0512,beta
human4_lib1.final_cell_0513,beta
human4_lib1.final_cell_0514,beta
human4_lib1.final_cell_0515,beta
human4_lib1.final_cell_0516,beta
human4_lib1.final_cell_0517,gamma
human4_lib1.final_cell_0518,alpha
human4_lib1.final_cell_0519,alpha
human4_lib1.final_cell_0520,ductal
human4_lib1.final_cell_0521,beta
human4_lib1.final_cell_0522,beta
human4_lib1.final_cell_0523,beta
human4_lib1.final_cell_0524,beta
human4_lib1.final_cell_0525,beta
human4_lib1.final_cell_0526,ductal
human4_lib1.final_cell_0527,beta
human4_lib1.final_cell_0528,ductal
human4_lib1.final_cell_0529,beta
human4_lib1.final_cell_0530,delta
human4_lib1.final_cell_0531,beta
human4_lib1.final_cell_0532,beta
human4_lib1.final_cell_0533,delta
human4_lib1.final_cell_0534,ductal
human4_lib1.final_cell_0535,beta
human4_lib1.final_cell_0536,alpha
human4_lib1.final_cell_0537,beta
human4_lib1.final_cell_0538,beta
human4_lib1.final_cell_0539,beta
human4_lib1.final_cell_0540,ductal
human4_lib1.final_cell_0541,alpha
human4_lib1.final_cell_0542,beta
human4_lib1.final_cell_0543,beta
human4_lib1.final_cell_0544,ductal
human4_lib1.final_cell_0545,alpha
human4_lib1.final_cell_0546,beta
human4_lib1.final_cell_0547,alpha
human4_lib1.final_cell_0550,delta
human4_lib1.final_cell_0551,beta
human4_lib1.final_cell_0552,beta
human4_lib1.final_cell_0553,beta
human4_lib1.final_cell_0554,ductal
human4_lib1.final_cell_0555,beta
human4_lib1.final_cell_0556,ductal
human4_lib1.final_cell_0557,beta
human4_lib1.final_cell_0558,alpha
human4_lib1.final_cell_0559,ductal
human4_lib1.final_cell_0560,alpha
human4_lib1.final_cell_0561,gamma
human4_lib1.final_cell_0562,alpha
human4_lib1.final_cell_0563,beta
human4_lib1.final_cell_0564,ductal
human4_lib1.final_cell_0565,beta
human4_lib1.final_cell_0566,ductal
human4_lib1.final_cell_0567,beta
human4_lib1.final_cell_0569,alpha
human4_lib1.final_cell_0570,gamma
human4_lib1.final_cell_0571,delta
human4_lib1.final_cell_0572,endothelial
human4_lib1.final_cell_0573,alpha
human4_lib1.final_cell_0574,alpha
human4_lib1.final_cell_0575,gamma
human4_lib1.final_cell_0576,beta
human4_lib1.final_cell_0577,beta
human4_lib1.final_cell_0580,gamma
human4_lib1.final_cell_0581,alpha
human4_lib1.final_cell_0582,beta
human4_lib1.final_cell_0583,beta
human4_lib1.final_cell_0584,ductal
human4_lib1.final_cell_0585,ductal
human4_lib1.final_cell_0586,beta
human4_lib1.final_cell_0587,beta
human4_lib1.final_cell_0588,alpha
human4_lib1.final_cell_0589,beta
human4_lib1.final_cell_0590,ductal
human4_lib1.final_cell_0591,alpha
human4_lib1.final_cell_0592,ductal
human4_lib1.final_cell_0593,alpha
human4_lib1.final_cell_0595,ductal
human4_lib1.final_cell_0596,ductal
human4_lib1.final_cell_0597,beta
human4_lib1.final_cell_0598,beta
human4_lib1.final_cell_0599,ductal
human4_lib1.final_cell_0600,ductal
human4_lib1.final_cell_0601,ductal
human4_lib1.final_cell_0602,ductal
human4_lib3.final_cell_0001,beta
human4_lib3.final_cell_0002,delta
human4_lib3.final_cell_0003,delta
human4_lib3.final_cell_0004,beta
human4_lib3.final_cell_0005,ductal
human4_lib3.final_cell_0006,ductal
human4_lib3.final_cell_0007,beta
human4_lib3.final_cell_0008,ductal
human4_lib3.final_cell_0009,ductal
human4_lib3.final_cell_0010,beta
human4_lib3.final_cell_0011,ductal
human4_lib3.final_cell_0012,beta
human4_lib3.final_cell_0013,ductal
human4_lib3.final_cell_0014,ductal
human4_lib3.final_cell_0015,ductal
human4_lib3.final_cell_0016,beta
human4_lib3.final_cell_0017,ductal
human4_lib3.final_cell_0018,delta
human4_lib3.final_cell_0019,alpha
human4_lib3.final_cell_0020,ductal
human4_lib3.final_cell_0021,ductal
human4_lib3.final_cell_0022,ductal
human4_lib3.final_cell_0024,beta
human4_lib3.final_cell_0025,beta
human4_lib3.final_cell_0026,delta
human4_lib3.final_cell_0027,beta
human4_lib3.final_cell_0028,ductal
human4_lib3.final_cell_0029,beta
human4_lib3.final_cell_0030,delta
human4_lib3.final_cell_0031,ductal
human4_lib3.final_cell_0032,alpha
human4_lib3.final_cell_0033,delta
human4_lib3.final_cell_0034,beta
human4_lib3.final_cell_0035,ductal
human4_lib3.final_cell_0036,delta
human4_lib3.final_cell_0037,beta
human4_lib3.final_cell_0038,ductal
human4_lib3.final_cell_0039,delta
human4_lib3.final_cell_0040,beta
human4_lib3.final_cell_0041,beta
human4_lib3.final_cell_0042,beta
human4_lib3.final_cell_0043,ductal
human4_lib3.final_cell_0044,ductal
human4_lib3.final_cell_0045,ductal
human4_lib3.final_cell_0046,ductal
human4_lib3.final_cell_0047,delta
human4_lib3.final_cell_0048,alpha
human4_lib3.final_cell_0049,ductal
human4_lib3.final_cell_0050,delta
human4_lib3.final_cell_0051,beta
human4_lib3.final_cell_0052,beta
human4_lib3.final_cell_0053,delta
human4_lib3.final_cell_0054,ductal
human4_lib3.final_cell_0055,ductal
human4_lib3.final_cell_0056,delta
human4_lib3.final_cell_0057,ductal
human4_lib3.final_cell_0058,delta
human4_lib3.final_cell_0060,alpha
human4_lib3.final_cell_0061,beta
human4_lib3.final_cell_0062,ductal
human4_lib3.final_cell_0063,ductal
human4_lib3.final_cell_0065,beta
human4_lib3.final_cell_0066,beta
human4_lib3.final_cell_0067,beta
human4_lib3.final_cell_0068,beta
human4_lib3.final_cell_0069,ductal
human4_lib3.final_cell_0070,delta
human4_lib3.final_cell_0071,ductal
human4_lib3.final_cell_0073,alpha
human4_lib3.final_cell_0074,delta
human4_lib3.final_cell_0075,ductal
human4_lib3.final_cell_0076,ductal
human4_lib3.final_cell_0077,beta
human4_lib3.final_cell_0078,beta
human4_lib3.final_cell_0079,ductal
human4_lib3.final_cell_0080,delta
human4_lib3.final_cell_0081,beta
human4_lib3.final_cell_0082,alpha
human4_lib3.final_cell_0083,delta
human4_lib3.final_cell_0084,gamma
human4_lib3.final_cell_0085,beta
human4_lib3.final_cell_0086,ductal
human4_lib3.final_cell_0087,alpha
human4_lib3.final_cell_0088,alpha
human4_lib3.final_cell_0089,beta
human4_lib3.final_cell_0091,beta
human4_lib3.final_cell_0092,beta
human4_lib3.final_cell_0093,delta
human4_lib3.final_cell_0094,beta
human4_lib3.final_cell_0095,alpha
human4_lib3.final_cell_0096,ductal
human4_lib3.final_cell_0097,beta
human4_lib3.final_cell_0098,alpha
human4_lib3.final_cell_0099,beta
human4_lib3.final_cell_0100,ductal
human4_lib3.final_cell_0101,beta
human4_lib3.final_cell_0102,alpha
human4_lib3.final_cell_0103,beta
human4_lib3.final_cell_0104,ductal
human4_lib3.final_cell_0105,beta
human4_lib3.final_cell_0106,ductal
human4_lib3.final_cell_0107,delta
human4_lib3.final_cell_0108,beta
human4_lib3.final_cell_0109,alpha
human4_lib3.final_cell_0110,delta
human4_lib3.final_cell_0111,delta
human4_lib3.final_cell_0112,beta
human4_lib3.final_cell_0113,ductal
human4_lib3.final_cell_0114,alpha
human4_lib3.final_cell_0115,delta
human4_lib3.final_cell_0116,beta
human4_lib3.final_cell_0117,beta
human4_lib3.final_cell_0118,alpha
human4_lib3.final_cell_0120,alpha
human4_lib3.final_cell_0121,beta
human4_lib3.final_cell_0123,ductal
human4_lib3.final_cell_0124,alpha
human4_lib3.final_cell_0125,ductal
human4_lib3.final_cell_0126,beta
human4_lib3.final_cell_0127,alpha
human4_lib3.final_cell_0128,alpha
human4_lib3.final_cell_0129,ductal
human4_lib3.final_cell_0130,ductal
human4_lib3.final_cell_0131,ductal
human4_lib3.final_cell_0132,alpha
human4_lib3.final_cell_0133,alpha
human4_lib3.final_cell_0134,alpha
human4_lib3.final_cell_0135,beta
human4_lib3.final_cell_0136,beta
human4_lib3.final_cell_0137,delta
human4_lib3.final_cell_0138,ductal
human4_lib3.final_cell_0139,beta
human4_lib3.final_cell_0140,beta
human4_lib3.final_cell_0141,ductal
human4_lib3.final_cell_0142,beta
human4_lib3.final_cell_0143,beta
human4_lib3.final_cell_0144,ductal
human4_lib3.final_cell_0145,gamma
human4_lib3.final_cell_0146,ductal
human4_lib3.final_cell_0147,alpha
human4_lib3.final_cell_0148,delta
human4_lib3.final_cell_0149,beta
human4_lib3.final_cell_0150,beta
human4_lib3.final_cell_0151,beta
human4_lib3.final_cell_0152,beta
human4_lib3.final_cell_0153,alpha
human4_lib3.final_cell_0154,delta
human4_lib3.final_cell_0155,beta
human4_lib3.final_cell_0156,beta
human4_lib3.final_cell_0157,beta
human4_lib3.final_cell_0158,ductal
human4_lib3.final_cell_0159,ductal
human4_lib3.final_cell_0160,ductal
human4_lib3.final_cell_0161,delta
human4_lib3.final_cell_0162,beta
human4_lib3.final_cell_0163,alpha
human4_lib3.final_cell_0164,alpha
human4_lib3.final_cell_0165,delta
human4_lib3.final_cell_0166,ductal
human4_lib3.final_cell_0167,ductal
human4_lib3.final_cell_0168,beta
human4_lib3.final_cell_0169,beta
human4_lib3.final_cell_0170,alpha
human4_lib3.final_cell_0171,gamma
human4_lib3.final_cell_0172,beta
human4_lib3.final_cell_0173,alpha
human4_lib3.final_cell_0174,delta
human4_lib3.final_cell_0175,alpha
human4_lib3.final_cell_0176,beta
human4_lib3.final_cell_0177,delta
human4_lib3.final_cell_0178,ductal
human4_lib3.final_cell_0179,ductal
human4_lib3.final_cell_0180,beta
human4_lib3.final_cell_0181,ductal
human4_lib3.final_cell_0182,beta
human4_lib3.final_cell_0183,alpha
human4_lib3.final_cell_0184,alpha
human4_lib3.final_cell_0185,ductal
human4_lib3.final_cell_0186,beta
human4_lib3.final_cell_0187,gamma
human4_lib3.final_cell_0188,alpha
human4_lib3.final_cell_0189,beta
human4_lib3.final_cell_0190,delta
human4_lib3.final_cell_0191,ductal
human4_lib3.final_cell_0192,beta
human4_lib3.final_cell_0193,alpha
human4_lib3.final_cell_0194,ductal
human4_lib3.final_cell_0195,alpha
human4_lib3.final_cell_0196,gamma
human4_lib3.final_cell_0197,beta
human4_lib3.final_cell_0198,beta
human4_lib3.final_cell_0199,beta
human4_lib3.final_cell_0200,ductal
human4_lib3.final_cell_0201,ductal
human4_lib3.final_cell_0202,beta
human4_lib3.final_cell_0203,gamma
human4_lib3.final_cell_0204,ductal
human4_lib3.final_cell_0205,alpha
human4_lib3.final_cell_0207,ductal
human4_lib3.final_cell_0208,gamma
human4_lib3.final_cell_0209,ductal
human4_lib3.final_cell_0210,alpha
human4_lib3.final_cell_0212,alpha
human4_lib3.final_cell_0213,beta
human4_lib3.final_cell_0214,beta
human4_lib3.final_cell_0216,ductal
human4_lib3.final_cell_0217,alpha
human4_lib3.final_cell_0218,delta
human4_lib3.final_cell_0219,beta
human4_lib3.final_cell_0220,ductal
human4_lib3.final_cell_0221,ductal
human4_lib3.final_cell_0222,ductal
human4_lib3.final_cell_0223,beta
human4_lib3.final_cell_0224,delta
human4_lib3.final_cell_0225,beta
human4_lib3.final_cell_0226,alpha
human4_lib3.final_cell_0227,ductal
human4_lib3.final_cell_0228,beta
human4_lib3.final_cell_0229,ductal
human4_lib3.final_cell_0231,alpha
human4_lib3.final_cell_0232,beta
human4_lib3.final_cell_0233,delta
human4_lib3.final_cell_0234,beta
human4_lib3.final_cell_0235,beta
human4_lib3.final_cell_0236,delta
human4_lib3.final_cell_0237,beta
human4_lib3.final_cell_0238,alpha
human4_lib3.final_cell_0239,alpha
human4_lib3.final_cell_0240,alpha
human4_lib3.final_cell_0241,ductal
human4_lib3.final_cell_0242,alpha
human4_lib3.final_cell_0243,alpha
human4_lib3.final_cell_0244,beta
human4_lib3.final_cell_0245,ductal
human4_lib3.final_cell_0246,ductal
human4_lib3.final_cell_0247,ductal
human4_lib3.final_cell_0248,alpha
human4_lib3.final_cell_0249,beta
human4_lib3.final_cell_0250,delta
human4_lib3.final_cell_0251,beta
human4_lib3.final_cell_0252,ductal
human4_lib3.final_cell_0253,beta
human4_lib3.final_cell_0254,ductal
human4_lib3.final_cell_0255,beta
human4_lib3.final_cell_0256,alpha
human4_lib3.final_cell_0257,beta
human4_lib3.final_cell_0258,beta
human4_lib3.final_cell_0259,ductal
human4_lib3.final_cell_0261,ductal
human4_lib3.final_cell_0262,beta
human4_lib3.final_cell_0263,ductal
human4_lib3.final_cell_0265,ductal
human4_lib3.final_cell_0266,beta
human4_lib3.final_cell_0267,beta
human4_lib3.final_cell_0268,beta
human4_lib3.final_cell_0269,delta
human4_lib3.final_cell_0270,alpha
human4_lib3.final_cell_0271,delta
human4_lib3.final_cell_0272,alpha
human4_lib3.final_cell_0273,ductal
human4_lib3.final_cell_0274,gamma
human4_lib3.final_cell_0275,gamma
human4_lib3.final_cell_0276,alpha
human4_lib3.final_cell_0277,ductal
human4_lib3.final_cell_0278,beta
human4_lib3.final_cell_0279,alpha
human4_lib3.final_cell_0280,alpha
human4_lib3.final_cell_0281,alpha
human4_lib3.final_cell_0282,ductal
human4_lib3.final_cell_0283,ductal
human4_lib3.final_cell_0284,beta
human4_lib3.final_cell_0285,beta
human4_lib3.final_cell_0286,ductal
human4_lib3.final_cell_0288,beta
human4_lib3.final_cell_0289,ductal
human4_lib3.final_cell_0290,ductal
human4_lib3.final_cell_0291,ductal
human4_lib3.final_cell_0293,ductal
human4_lib3.final_cell_0294,gamma
human4_lib3.final_cell_0295,alpha
human4_lib3.final_cell_0296,ductal
human4_lib3.final_cell_0297,beta
human4_lib3.final_cell_0298,ductal
human4_lib3.final_cell_0299,gamma
human4_lib3.final_cell_0300,beta
human4_lib3.final_cell_0301,beta
human4_lib3.final_cell_0302,beta
human4_lib3.final_cell_0303,delta
human4_lib3.final_cell_0304,alpha
human4_lib3.final_cell_0305,beta
human4_lib3.final_cell_0306,beta
human4_lib3.final_cell_0307,beta
human4_lib3.final_cell_0309,ductal
human4_lib3.final_cell_0310,beta
human4_lib3.final_cell_0311,ductal
human4_lib3.final_cell_0312,beta
human4_lib3.final_cell_0313,beta
human4_lib3.final_cell_0314,gamma
human4_lib3.final_cell_0315,beta
human4_lib3.final_cell_0316,gamma
human4_lib3.final_cell_0317,ductal
human4_lib3.final_cell_0318,ductal
human4_lib3.final_cell_0319,beta
human4_lib3.final_cell_0320,beta
human4_lib3.final_cell_0321,alpha
human4_lib3.final_cell_0322,delta
human4_lib3.final_cell_0323,beta
human4_lib3.final_cell_0324,alpha
human4_lib3.final_cell_0325,ductal
human4_lib3.final_cell_0326,delta
human4_lib3.final_cell_0327,alpha
human4_lib3.final_cell_0328,ductal
human4_lib3.final_cell_0329,alpha
human4_lib3.final_cell_0330,ductal
human4_lib3.final_cell_0331,delta
human4_lib3.final_cell_0332,alpha
human4_lib3.final_cell_0333,alpha
human4_lib3.final_cell_0334,beta
human4_lib3.final_cell_0335,ductal
human4_lib3.final_cell_0336,ductal
human4_lib3.final_cell_0337,ductal
human4_lib3.final_cell_0338,beta
human4_lib3.final_cell_0339,ductal
human4_lib3.final_cell_0340,alpha
human4_lib3.final_cell_0341,beta
human4_lib3.final_cell_0342,ductal
human4_lib3.final_cell_0343,alpha
human4_lib3.final_cell_0344,beta
human4_lib3.final_cell_0345,gamma
human4_lib3.final_cell_0346,delta
human4_lib3.final_cell_0347,alpha
human4_lib3.final_cell_0348,ductal
human4_lib3.final_cell_0349,gamma
human4_lib3.final_cell_0350,ductal
human4_lib3.final_cell_0351,beta
human4_lib3.final_cell_0352,beta
human4_lib3.final_cell_0353,beta
human4_lib3.final_cell_0354,ductal
human4_lib3.final_cell_0355,alpha
human4_lib3.final_cell_0356,beta
human4_lib3.final_cell_0357,beta
human4_lib3.final_cell_0358,beta
human4_lib3.final_cell_0359,alpha
human4_lib3.final_cell_0360,alpha
human4_lib3.final_cell_0361,beta
human4_lib3.final_cell_0362,alpha
human4_lib3.final_cell_0363,alpha
human4_lib3.final_cell_0364,beta
human4_lib3.final_cell_0365,beta
human4_lib3.final_cell_0366,alpha
human4_lib3.final_cell_0367,beta
human4_lib3.final_cell_0368,beta
human4_lib3.final_cell_0369,alpha
human4_lib3.final_cell_0370,beta
human4_lib3.final_cell_0371,alpha
human4_lib3.final_cell_0372,delta
human4_lib3.final_cell_0373,beta
human4_lib3.final_cell_0374,beta
human4_lib3.final_cell_0375,alpha
human4_lib3.final_cell_0377,beta
human4_lib3.final_cell_0378,gamma
human4_lib3.final_cell_0379,alpha
human4_lib3.final_cell_0380,beta
human4_lib3.final_cell_0381,beta
human4_lib3.final_cell_0382,alpha
human4_lib3.final_cell_0383,alpha
human4_lib3.final_cell_0386,alpha
human4_lib3.final_cell_0387,beta
human4_lib3.final_cell_0388,alpha
human4_lib3.final_cell_0389,ductal
human4_lib3.final_cell_0390,ductal
human4_lib3.final_cell_0391,beta
human4_lib3.final_cell_0392,beta
human4_lib3.final_cell_0393,gamma
human4_lib3.final_cell_0394,gamma
human4_lib3.final_cell_0395,beta
human4_lib3.final_cell_0397,ductal
human4_lib3.final_cell_0398,beta
human4_lib3.final_cell_0399,alpha
human4_lib3.final_cell_0400,ductal
human4_lib3.final_cell_0401,alpha
human4_lib3.final_cell_0402,beta
human4_lib3.final_cell_0403,beta
human4_lib3.final_cell_0404,alpha
human4_lib3.final_cell_0405,ductal
human4_lib3.final_cell_0406,beta
human4_lib3.final_cell_0407,alpha
human4_lib3.final_cell_0408,alpha
human4_lib3.final_cell_0409,gamma
human4_lib3.final_cell_0410,delta
human4_lib3.final_cell_0411,alpha
human4_lib3.final_cell_0412,beta
human4_lib3.final_cell_0413,ductal
human4_lib3.final_cell_0414,beta
human4_lib3.final_cell_0415,beta
human4_lib3.final_cell_0416,ductal
human4_lib3.final_cell_0417,beta
human4_lib3.final_cell_0418,ductal
human4_lib3.final_cell_0419,beta
human4_lib3.final_cell_0420,beta
human4_lib3.final_cell_0421,ductal
human4_lib3.final_cell_0422,alpha
human4_lib3.final_cell_0423,ductal
human4_lib3.final_cell_0424,ductal
human4_lib3.final_cell_0425,gamma
human4_lib3.final_cell_0426,alpha
human4_lib3.final_cell_0427,endothelial
human4_lib3.final_cell_0428,ductal
human4_lib3.final_cell_0429,beta
human4_lib3.final_cell_0430,gamma
human4_lib3.final_cell_0431,beta
human4_lib3.final_cell_0432,ductal
human4_lib3.final_cell_0433,alpha
human4_lib3.final_cell_0434,ductal
human4_lib3.final_cell_0436,gamma
human4_lib3.final_cell_0437,beta
human4_lib3.final_cell_0438,alpha
human4_lib3.final_cell_0439,ductal
human4_lib3.final_cell_0440,beta
human4_lib3.final_cell_0441,ductal
human4_lib3.final_cell_0443,gamma
human4_lib3.final_cell_0444,ductal
human4_lib3.final_cell_0445,alpha
human4_lib3.final_cell_0446,beta
human4_lib3.final_cell_0447,beta
human4_lib3.final_cell_0448,ductal
human4_lib3.final_cell_0449,beta
human4_lib3.final_cell_0450,beta
human4_lib3.final_cell_0451,delta
human4_lib3.final_cell_0452,gamma
human4_lib3.final_cell_0453,ductal
human4_lib3.final_cell_0454,beta
human4_lib3.final_cell_0455,beta
human4_lib3.final_cell_0456,beta
human4_lib3.final_cell_0457,beta
human4_lib3.final_cell_0458,beta
human4_lib3.final_cell_0460,beta
human4_lib3.final_cell_0461,alpha
human4_lib3.final_cell_0462,ductal
human4_lib3.final_cell_0463,beta
human4_lib3.final_cell_0464,gamma
human4_lib3.final_cell_0465,ductal
human4_lib3.final_cell_0466,beta
human4_lib3.final_cell_0467,beta
human4_lib3.final_cell_0468,alpha
human4_lib3.final_cell_0470,beta
human4_lib3.final_cell_0471,alpha
human4_lib3.final_cell_0472,beta
human4_lib3.final_cell_0473,beta
human4_lib3.final_cell_0474,alpha
human4_lib3.final_cell_0475,ductal
human4_lib3.final_cell_0476,beta
human4_lib3.final_cell_0477,alpha
human4_lib3.final_cell_0478,beta
human4_lib3.final_cell_0479,ductal
human4_lib3.final_cell_0480,beta
human4_lib3.final_cell_0481,delta
human4_lib3.final_cell_0482,alpha
human4_lib3.final_cell_0483,beta
human4_lib3.final_cell_0484,alpha
human4_lib3.final_cell_0485,alpha
human4_lib3.final_cell_0486,ductal
human4_lib3.final_cell_0487,beta
human4_lib3.final_cell_0488,alpha
human4_lib3.final_cell_0489,beta
human4_lib3.final_cell_0490,beta
human4_lib3.final_cell_0491,beta
human4_lib3.final_cell_0492,beta
human4_lib3.final_cell_0493,beta
human4_lib3.final_cell_0494,beta
human4_lib3.final_cell_0495,alpha
human4_lib3.final_cell_0496,ductal
human4_lib3.final_cell_0497,endothelial
human4_lib3.final_cell_0498,alpha
human4_lib3.final_cell_0499,delta
human4_lib3.final_cell_0500,beta
human4_lib3.final_cell_0501,alpha
human4_lib3.final_cell_0502,beta
human4_lib3.final_cell_0503,beta
human4_lib3.final_cell_0504,alpha
human4_lib3.final_cell_0505,beta
human4_lib3.final_cell_0506,beta
human4_lib3.final_cell_0507,ductal
human4_lib3.final_cell_0508,beta
human4_lib3.final_cell_0509,alpha
human4_lib3.final_cell_0510,ductal
human4_lib3.final_cell_0511,beta
human4_lib3.final_cell_0512,beta
human4_lib3.final_cell_0513,gamma
human4_lib3.final_cell_0514,beta
human4_lib3.final_cell_0515,beta
human4_lib3.final_cell_0516,ductal
human4_lib3.final_cell_0517,ductal
human4_lib3.final_cell_0518,beta
human4_lib3.final_cell_0519,beta
human4_lib3.final_cell_0520,alpha
human4_lib3.final_cell_0521,alpha
human4_lib3.final_cell_0522,alpha
human4_lib3.final_cell_0523,alpha
human4_lib3.final_cell_0525,alpha
human4_lib3.final_cell_0526,alpha
human4_lib3.final_cell_0527,alpha
human4_lib3.final_cell_0528,alpha
human4_lib3.final_cell_0529,gamma
human4_lib3.final_cell_0530,ductal
human4_lib3.final_cell_0531,alpha
human4_lib3.final_cell_0532,alpha
human4_lib3.final_cell_0533,beta
human4_lib3.final_cell_0534,beta
human4_lib3.final_cell_0535,beta
human4_lib3.final_cell_0536,ductal
human4_lib3.final_cell_0537,alpha
human4_lib3.final_cell_0538,alpha
human4_lib3.final_cell_0539,beta
human4_lib3.final_cell_0540,alpha
human4_lib3.final_cell_0541,alpha
human4_lib3.final_cell_0542,beta
human4_lib3.final_cell_0543,beta
human4_lib3.final_cell_0544,delta
human4_lib3.final_cell_0545,ductal
human4_lib3.final_cell_0546,alpha
human4_lib3.final_cell_0547,beta
human4_lib3.final_cell_0548,beta
human4_lib3.final_cell_0549,ductal
human4_lib3.final_cell_0550,beta
human4_lib3.final_cell_0551,beta
human4_lib3.final_cell_0552,beta
human4_lib3.final_cell_0553,beta
human4_lib3.final_cell_0554,beta
human4_lib3.final_cell_0555,beta
human4_lib3.final_cell_0556,ductal
human4_lib3.final_cell_0557,beta
human4_lib3.final_cell_0558,alpha
human4_lib3.final_cell_0559,alpha
human4_lib3.final_cell_0560,alpha
human4_lib3.final_cell_0561,alpha
human4_lib3.final_cell_0562,beta
human4_lib3.final_cell_0563,alpha
human4_lib3.final_cell_0564,beta
human4_lib3.final_cell_0565,alpha
human4_lib3.final_cell_0566,gamma
human4_lib3.final_cell_0567,beta
human4_lib3.final_cell_0568,gamma
human4_lib3.final_cell_0569,beta
human4_lib3.final_cell_0570,gamma
human4_lib3.final_cell_0571,beta
human4_lib3.final_cell_0572,beta
human4_lib3.final_cell_0573,alpha
human4_lib3.final_cell_0575,ductal
human4_lib3.final_cell_0576,beta
human4_lib3.final_cell_0577,alpha
human4_lib3.final_cell_0578,alpha
human4_lib3.final_cell_0579,beta
human4_lib3.final_cell_0580,beta
human4_lib3.final_cell_0581,delta
human4_lib3.final_cell_0582,beta
human4_lib3.final_cell_0583,beta
human4_lib3.final_cell_0584,beta
human4_lib3.final_cell_0585,beta
human4_lib3.final_cell_0586,alpha
human4_lib3.final_cell_0587,ductal
human4_lib3.final_cell_0588,alpha
human4_lib3.final_cell_0589,alpha
human4_lib3.final_cell_0591,gamma
human4_lib3.final_cell_0592,beta
human4_lib3.final_cell_0593,beta
human4_lib3.final_cell_0594,ductal
human4_lib3.final_cell_0595,ductal
human4_lib3.final_cell_0596,alpha
human4_lib3.final_cell_0597,beta
human4_lib3.final_cell_0598,alpha
human4_lib3.final_cell_0599,delta
human4_lib3.final_cell_0601,beta
human4_lib3.final_cell_0602,ductal
human4_lib3.final_cell_0603,alpha
human4_lib3.final_cell_0604,endothelial
human4_lib3.final_cell_0605,beta
human4_lib3.final_cell_0606,beta
human4_lib3.final_cell_0607,ductal
human4_lib3.final_cell_0608,alpha
human4_lib3.final_cell_0609,beta
human4_lib3.final_cell_0610,beta
human4_lib3.final_cell_0611,ductal
human4_lib3.final_cell_0612,beta
human4_lib3.final_cell_0613,ductal
human4_lib3.final_cell_0614,alpha
human4_lib3.final_cell_0615,alpha
human4_lib3.final_cell_0616,alpha
human4_lib3.final_cell_0617,gamma
human4_lib3.final_cell_0618,beta
human4_lib3.final_cell_0619,beta
human4_lib3.final_cell_0620,alpha
human4_lib3.final_cell_0621,beta
human4_lib3.final_cell_0622,gamma
human4_lib3.final_cell_0623,beta
human4_lib3.final_cell_0624,beta
human4_lib3.final_cell_0625,beta
human4_lib3.final_cell_0626,beta
human4_lib3.final_cell_0627,beta
human4_lib3.final_cell_0628,ductal
human4_lib3.final_cell_0629,alpha
human4_lib3.final_cell_0630,beta
human4_lib3.final_cell_0631,beta
human4_lib3.final_cell_0632,beta
human4_lib3.final_cell_0633,beta
human4_lib3.final_cell_0634,beta
human4_lib3.final_cell_0635,alpha
human4_lib3.final_cell_0636,beta
human4_lib3.final_cell_0637,gamma
human4_lib3.final_cell_0638,beta
human4_lib3.final_cell_0639,ductal
human4_lib3.final_cell_0640,alpha
human4_lib3.final_cell_0641,alpha
human4_lib3.final_cell_0642,ductal
human4_lib3.final_cell_0643,gamma
human4_lib3.final_cell_0645,alpha
human4_lib3.final_cell_0646,alpha
human4_lib3.final_cell_0647,alpha
human4_lib3.final_cell_0648,alpha
human4_lib3.final_cell_0649,alpha
human4_lib3.final_cell_0650,ductal
human4_lib3.final_cell_0651,beta
human4_lib3.final_cell_0652,alpha
human4_lib3.final_cell_0653,beta
human4_lib3.final_cell_0655,delta
human4_lib3.final_cell_0656,ductal
human4_lib3.final_cell_0657,beta
human4_lib3.final_cell_0658,alpha
human4_lib3.final_cell_0659,gamma
human4_lib3.final_cell_0660,alpha
human4_lib3.final_cell_0661,beta
human4_lib3.final_cell_0663,beta
human4_lib3.final_cell_0664,ductal
human4_lib3.final_cell_0665,beta
human4_lib3.final_cell_0666,ductal
human4_lib3.final_cell_0667,beta
human4_lib3.final_cell_0668,beta
human4_lib3.final_cell_0669,beta
human4_lib3.final_cell_0671,alpha
human4_lib3.final_cell_0672,ductal
human4_lib3.final_cell_0673,beta
human4_lib3.final_cell_0674,beta
human4_lib3.final_cell_0675,beta
human4_lib3.final_cell_0676,ductal
human4_lib3.final_cell_0677,ductal
human4_lib3.final_cell_0678,beta
human4_lib3.final_cell_0679,ductal
human4_lib3.final_cell_0680,delta
human4_lib3.final_cell_0681,alpha
human4_lib3.final_cell_0682,alpha
human4_lib3.final_cell_0684,beta
human4_lib3.final_cell_0685,beta
human4_lib3.final_cell_0687,beta
human4_lib3.final_cell_0688,beta
human4_lib3.final_cell_0689,alpha
human4_lib3.final_cell_0690,beta
human4_lib3.final_cell_0691,beta
human4_lib3.final_cell_0692,beta
human4_lib3.final_cell_0693,beta
human4_lib3.final_cell_0694,alpha
human4_lib3.final_cell_0695,beta
human4_lib3.final_cell_0696,beta
human4_lib3.final_cell_0698,alpha
human4_lib3.final_cell_0699,beta
human4_lib3.final_cell_0700,beta
human4_lib3.final_cell_0701,ductal
